# Blender 5.1.2
# www.blender.org
mtllib lp_frans_stadium.mtl
o Stadium
v -71.236313 3.810000 16.348602
v -48.503815 7.620000 11.161869
v -59.252525 7.620000 -1.657345
v -56.252621 6.400802 -23.357384
v -51.982037 5.373165 -18.257225
v -58.902657 9.448800 18.281544
v -77.838318 6.400800 -5.410900
v -69.780449 6.400800 -18.243303
v -72.037415 3.772517 15.322662
v -73.206047 3.668889 13.858967
v -74.666229 3.512343 12.033257
v -76.341957 3.316111 9.921314
v -78.157204 3.093420 7.598888
v -80.035957 2.857500 5.141758
v -81.902206 2.621579 2.625679
v -83.679962 2.398889 0.126415
v -85.293190 2.202656 -2.280277
v -86.665886 2.046111 -4.518621
v -87.722046 1.942483 -6.512861
v -88.385666 1.905000 -8.187243
v -88.381165 1.900341 -9.471359
v -87.783379 1.885653 -11.127514
v -86.671265 1.859871 -13.080149
v -85.123734 1.821925 -15.253708
v -83.219757 1.770751 -17.572639
v -81.038239 1.705280 -19.961395
v -78.658142 1.624447 -22.344425
v -76.158401 1.527184 -24.646164
v -73.617943 1.412425 -26.791077
v -71.115707 1.279102 -28.703594
v -68.730644 1.126149 -30.308178
v -66.541679 0.952500 -31.529263
v -65.428696 0.853971 -32.058949
v -64.227249 0.750066 -32.603119
v -62.953400 0.643439 -33.146004
v -61.623222 0.536751 -33.671852
v -60.252792 0.432658 -34.164902
v -58.858173 0.333820 -34.609390
v -57.455437 0.242896 -34.989567
v -56.060654 0.162542 -35.289669
v -54.689896 0.095417 -35.493931
v -53.359230 0.044180 -35.586597
v -52.084736 0.011488 -35.551918
v -28.271702 0.000000 -13.531944
v -28.271702 -0.203200 -13.531944
v -28.859095 -0.203200 -14.236425
v -28.508356 -0.200420 -13.339334
v -29.091619 -0.200420 -14.039679
v -28.509783 -0.403612 -13.338144
v -29.093037 -0.403612 -14.038486
v -28.746422 -0.398014 -13.145573
v -29.325521 -0.398014 -13.841757
v -28.749407 -0.609600 -13.143084
v -29.328508 -0.609600 -13.839262
v -75.462288 0.000001 -57.265942
v -83.247307 3.657600 -66.848595
v -78.513977 0.000001 -61.022297
v -69.057831 4.572001 -49.617897
v -75.462288 4.572001 -57.265942
v -92.311699 4.572001 -59.336411
v -77.879761 4.572001 -42.142662
v -83.247307 4.572001 -66.848595
v -69.057831 0.000001 -49.617901
v -77.879761 0.000001 -42.142662
v -92.311699 0.000001 -59.336411
v -83.247307 0.000001 -66.848595
v -59.973774 4.005152 -27.801395
v -72.016716 3.657600 -72.016983
v -71.661224 13.715992 -72.372467
v -71.661224 3.657600 -72.372467
v -72.016724 -0.000004 -72.016968
v -72.065140 -0.000004 -72.065399
v -72.071114 -0.000004 -71.963608
v -72.119034 -0.000004 -72.011505
v -72.065140 13.715992 -72.065399
v -72.016716 13.715992 -72.016983
v -72.071114 13.715992 -71.963608
v -72.119034 13.715992 -72.011505
v 72.347740 -0.000004 -72.347710
v 72.299324 -0.000004 -72.299286
v 72.401115 -0.000004 -72.293304
v 72.353210 -0.000004 -72.245392
v 72.299324 13.715996 -72.299278
v 72.347740 13.715996 -72.347710
v 72.401115 13.715996 -72.293304
v 72.353210 13.715996 -72.245392
v 72.299324 3.657600 -72.299286
v 71.943848 13.715996 -72.654755
v 71.943840 3.657600 -72.654762
v 0.368317 0.000000 -0.431431
v 0.368317 0.000000 -1.345837
v 0.368320 0.000000 0.482964
v 1.587521 0.000000 0.482964
v 1.587517 0.000000 -1.345837
v 0.444519 0.000000 -0.431438
v 0.444519 0.000000 -1.269634
v 0.444519 0.000000 0.406765
v 1.511318 0.000000 0.406761
v 1.511318 0.000000 -1.269638
v 1.511322 0.000000 -0.431438
v 1.587517 0.000000 -0.431438
v 0.000019 0.000000 2.921364
v 0.812817 0.000000 0.482964
v 0.812817 0.000000 2.921371
v 0.736622 0.000000 0.482964
v 0.736614 0.000000 2.845169
v 0.000015 0.000000 2.845165
v -0.736584 0.000000 2.845169
v -0.736580 0.000000 0.482967
v -0.812778 0.000000 2.921364
v -0.812786 0.000000 0.482964
v -1.587486 0.000000 -0.431438
v -1.511284 0.000000 -0.431431
v -1.511284 0.000000 -1.269634
v -1.511284 0.000000 0.406765
v -0.444485 0.000000 0.406769
v -0.444481 0.000000 -1.269634
v -0.444485 0.000000 -0.431435
v -1.587482 0.000000 -1.345833
v -1.587482 0.000000 0.482964
v -0.368290 0.000000 0.482964
v -0.368282 0.000000 -1.345833
v -0.368279 0.000000 -0.431438
v 0.000015 0.000000 0.000004
v 0.215298 0.000000 -0.215523
v 0.215302 0.000000 -0.431431
v 0.000015 0.000000 -0.431438
v 0.000015 0.025400 0.000004
v 0.215298 0.025400 -0.215523
v 0.215302 0.025400 -0.431431
v 0.000015 0.025400 -0.431438
v -0.215279 0.000000 -0.215527
v -0.215271 0.000000 -0.431438
v -75.050224 -0.013903 -60.504883
v -0.215279 0.025400 -0.215527
v -0.215271 0.025400 -0.431438
v -75.029549 -0.013590 -60.808800
v 0.000256 0.000000 4.135986
v 0.199318 0.000000 4.133930
v 0.431988 0.000000 4.111603
v 0.663033 0.000000 4.070919
v 0.891567 0.000000 4.013832
v 1.116695 0.000000 3.942261
v 1.337543 0.000000 3.858139
v 1.553207 0.000000 3.763393
v 1.762810 0.000000 3.659969
v 1.965450 0.000000 3.549782
v 2.160252 0.000000 3.434769
v 2.346329 0.000000 3.316860
v 2.522778 0.000000 3.197998
v 2.770233 0.000000 3.008816
v 2.988834 0.000000 2.806129
v 3.180405 0.000000 2.591625
v 3.346745 0.000000 2.367004
v 3.489700 0.000000 2.133991
v 3.611061 0.000000 1.894299
v 3.712666 0.000000 1.649628
v 3.796307 0.000000 1.401680
v 3.863815 0.000000 1.152172
v 3.917015 0.000000 0.902821
v 3.957706 0.000000 0.655312
v 3.987720 0.000000 0.411377
v 4.002892 0.000000 0.165928
v 3.998459 0.000000 -0.076397
v 3.976887 0.000000 -0.314377
v 3.940620 0.000000 -0.546780
v 3.892139 0.000000 -0.772400
v 3.833904 0.000000 -0.989998
v 3.768383 0.000000 -1.198364
v 3.698044 0.000000 -1.396259
v 3.625332 0.000000 -1.582466
v 3.552727 0.000000 -1.755756
v 3.482681 0.000000 -1.914906
v 0.000259 0.000000 -34.822792
v 0.161682 0.000000 -34.820122
v 0.366798 0.000000 -34.828873
v 0.577709 0.000000 -34.848194
v 0.790840 0.000000 -34.877289
v 1.002609 0.000000 -34.915310
v 1.209435 0.000000 -34.961449
v 1.407745 0.000000 -35.014870
v 1.593956 0.000000 -35.074760
v 1.764500 0.000000 -35.140289
v 1.915802 0.000000 -35.210648
v 2.044273 0.000000 -35.284988
v 2.146347 0.000000 -35.362511
v 3.293312 0.000000 -34.206459
v 4.438896 0.000000 -33.051804
v 5.583553 0.000000 -31.898071
v 6.727753 0.000000 -30.744810
v 7.871937 0.000000 -29.591537
v 9.016598 0.000000 -28.437805
v 10.162178 0.000000 -27.283148
v 11.309151 0.000000 -26.127102
v 12.457977 0.000000 -24.969202
v 13.609116 0.000000 -23.808989
v 14.763039 0.000000 -22.645996
v 15.920197 0.000000 -21.479757
v 15.688934 0.000000 -21.191149
v 15.511948 0.000000 -20.852610
v 15.385262 0.000000 -20.475891
v 15.304932 0.000000 -20.072742
v 15.266975 0.000000 -19.654922
v 15.267456 0.000000 -19.234180
v 15.302383 0.000000 -18.822275
v 15.367790 0.000000 -18.430962
v 15.459724 0.000000 -18.071980
v 15.574226 0.000000 -17.757097
v 15.707314 0.000000 -17.498051
v 15.855042 0.000000 -17.306614
v 2.079678 0.000000 -3.433937
v 1.949165 0.000000 -3.484455
v 1.811302 0.000000 -3.538271
v 1.665817 0.000000 -3.593813
v 1.512405 0.000000 -3.649515
v 1.350784 0.000000 -3.703787
v 1.180679 0.000000 -3.755070
v 1.001808 0.000000 -3.801790
v 0.813873 0.000000 -3.842358
v 0.616608 0.000000 -3.875210
v 0.409714 0.000000 -3.898783
v 0.192905 0.000000 -3.911484
v 0.000256 0.000000 -3.911751
v 3.417671 0.000000 -2.058697
v 27.741829 0.000000 -26.598988
v 27.712753 0.000000 -26.759609
v 27.577736 0.000000 -27.163830
v 27.344940 0.000000 -27.775837
v 27.022545 0.000000 -28.559765
v 26.618729 0.000000 -29.479809
v 26.141655 0.000000 -30.500122
v 25.599541 0.000000 -31.584877
v 25.000526 0.000000 -32.698227
v 24.352806 0.000000 -33.804352
v 23.664558 0.000000 -34.867413
v 22.943962 0.000000 -35.851578
v 22.199188 0.000000 -36.721012
v 21.719551 0.000000 -37.231956
v 21.280830 0.000000 -37.701191
v 20.873634 0.000000 -38.135036
v 20.488609 0.000000 -38.539829
v 20.116371 0.000000 -38.921890
v 19.747559 0.000000 -39.287548
v 19.372787 0.000000 -39.643116
v 18.982674 0.000000 -39.994930
v 18.567879 0.000000 -40.349323
v 18.118996 0.000000 -40.712597
v 17.626663 0.000000 -41.091099
v 17.081505 0.000000 -41.491135
v 16.409233 0.000000 -41.958649
v 15.731377 0.000000 -42.399826
v 15.046677 0.000000 -42.816658
v 14.353844 0.000000 -43.211159
v 13.651634 0.000000 -43.585320
v 12.938766 0.000000 -43.941147
v 12.213966 0.000000 -44.280643
v 11.475983 0.000000 -44.605824
v 10.723518 0.000000 -44.918671
v 9.955330 0.000000 -45.221207
v 9.170128 0.000000 -45.515419
v 8.366657 0.000000 -45.803314
v 7.708641 0.000000 -46.002918
v 6.929955 0.000000 -46.189426
v 6.064507 0.000000 -46.361992
v 5.146214 0.000000 -46.519745
v 4.208977 0.000000 -46.661823
v 3.286701 0.000000 -46.787346
v 2.413284 0.000000 -46.895470
v 1.622643 0.000000 -46.985313
v 0.948685 0.000000 -47.056030
v 0.425297 0.000000 -47.106758
v 0.086407 0.000000 -47.136600
v 0.000252 0.000000 -47.144726
v -0.198803 0.000000 4.133934
v -0.431480 0.000000 4.111607
v -0.662521 0.000000 4.070927
v -0.891052 0.000000 4.013836
v -1.116184 0.000000 3.942261
v -1.337029 0.000000 3.858143
v -1.552696 0.000000 3.763401
v -1.762291 0.000000 3.659969
v -1.964943 0.000000 3.549786
v -2.159740 0.000000 3.434776
v -2.345814 0.000000 3.316872
v -2.522274 0.000000 3.197998
v -2.769730 0.000000 3.008831
v -2.988319 0.000000 2.806133
v -3.179890 0.000000 2.591621
v -3.346237 0.000000 2.367008
v -3.489189 0.000000 2.133999
v -3.610550 0.000000 1.894306
v -3.712151 0.000000 1.649639
v -3.795795 0.000000 1.401688
v -3.863308 0.000000 1.152176
v -3.916508 0.000000 0.902824
v -3.957199 0.000000 0.655315
v -3.987202 0.000000 0.411377
v -4.002384 0.000000 0.165932
v -3.997948 0.000000 -0.076389
v -3.976364 0.000000 -0.314373
v -3.940109 0.000000 -0.546772
v -3.891621 0.000000 -0.772400
v -3.833397 0.000000 -0.990002
v -3.767872 0.000000 -1.198357
v -3.697525 0.000000 -1.396252
v -3.624817 0.000000 -1.582462
v -3.552208 0.000000 -1.755749
v -3.482174 0.000000 -1.914902
v -0.161167 0.000000 -34.820126
v -0.366280 0.000000 -34.828873
v -0.577209 0.000000 -34.848190
v -0.790329 0.000000 -34.877289
v -1.002102 0.000000 -34.915306
v -1.208927 0.000000 -34.961452
v -1.407227 0.000000 -35.014870
v -1.593449 0.000000 -35.074764
v -1.763992 0.000000 -35.140297
v -1.915295 0.000000 -35.210644
v -2.043762 0.000000 -35.284988
v -2.145821 0.000000 -35.362511
v -3.292801 0.000000 -34.206459
v -4.438381 0.000000 -33.051804
v -5.583046 0.000000 -31.898066
v -6.727230 0.000000 -30.744804
v -7.871426 0.000000 -29.591537
v -9.016083 0.000000 -28.437807
v -10.161659 0.000000 -27.283152
v -11.308643 0.000000 -26.127098
v -12.457458 0.000000 -24.969206
v -13.608604 0.000000 -23.808985
v -14.762524 0.000000 -22.645996
v -15.919685 0.000000 -21.479759
v -15.688419 0.000000 -21.191151
v -15.511433 0.000000 -20.852608
v -15.384750 0.000000 -20.475891
v -15.304424 0.000000 -20.072739
v -15.266464 0.000000 -19.654922
v -15.266945 0.000000 -19.234177
v -15.301868 0.000000 -18.822277
v -15.367271 0.000000 -18.430962
v -15.459213 0.000000 -18.071980
v -15.573704 0.000000 -17.757092
v -15.706799 0.000000 -17.498051
v -15.854527 0.000000 -17.306614
v -2.079170 0.000000 -3.433935
v -1.948658 0.000000 -3.484451
v -1.810787 0.000000 -3.538269
v -1.665298 0.000000 -3.593815
v -1.511887 0.000000 -3.649502
v -1.350273 0.000000 -3.703787
v -1.180168 0.000000 -3.755068
v -1.001297 0.000000 -3.801785
v -0.813362 0.000000 -3.842350
v -0.616093 0.000000 -3.875214
v -0.409203 0.000000 -3.898777
v -0.192390 0.000000 -3.911480
v -3.417164 0.000000 -2.058693
v -27.741312 0.000000 -26.598989
v -27.712244 0.000000 -26.759604
v -27.492870 0.000000 -27.385605
v -27.022030 0.000000 -28.559767
v -26.618214 0.000000 -29.479813
v -26.141146 0.000000 -30.500124
v -25.599018 0.000000 -31.584873
v -25.000017 0.000000 -32.698223
v -24.352295 0.000000 -33.804352
v -23.664055 0.000000 -34.867409
v -22.943443 0.000000 -35.851578
v -22.198673 0.000000 -36.721016
v -21.719042 0.000000 -37.231956
v -21.280304 0.000000 -37.701183
v -20.873123 0.000000 -38.135040
v -20.488094 0.000000 -38.539833
v -20.115864 0.000000 -38.921890
v -19.747040 0.000000 -39.287537
v -19.372272 0.000000 -39.643116
v -18.982166 0.000000 -39.994934
v -18.567352 0.000000 -40.349323
v -18.118477 0.000000 -40.712601
v -17.626152 0.000000 -41.091103
v -17.081005 0.000000 -41.491146
v -16.408726 0.000000 -41.958660
v -15.730865 0.000000 -42.399830
v -15.046165 0.000000 -42.816658
v -14.353336 0.000000 -43.211155
v -13.651123 0.000000 -43.585320
v -12.938255 0.000000 -43.941139
v -12.213455 0.000000 -44.280643
v -11.475468 0.000000 -44.605820
v -10.723007 0.000000 -44.918671
v -9.954815 0.000000 -45.221207
v -9.169617 0.000000 -45.515419
v -8.366150 0.000000 -45.803322
v -7.708126 0.000000 -46.002918
v -6.929440 0.000000 -46.189426
v -6.063995 0.000000 -46.361996
v -5.145706 0.000000 -46.519737
v -4.208462 0.000000 -46.661823
v -3.286186 0.000000 -46.787346
v -2.412773 0.000000 -46.895462
v -1.622131 0.000000 -46.985313
v -0.948170 0.000000 -47.056030
v -0.424793 0.000000 -47.106758
v -0.085892 0.000000 -47.136604
v -2.056290 0.000000 -15.878851
v -2.311520 0.000000 -16.170929
v -2.520348 0.000000 -16.487072
v -2.682770 0.000000 -16.822470
v -2.798790 0.000000 -17.172300
v -2.868401 0.000000 -17.531773
v -2.891602 0.000000 -17.896046
v -2.868401 0.000000 -18.260328
v -2.798786 0.000000 -18.619789
v -2.682777 0.000000 -18.969625
v -2.520348 0.000000 -19.305033
v -2.311520 0.000000 -19.621170
v -2.056293 0.000000 -19.913246
v -1.764214 0.000000 -20.168478
v -1.448067 0.000000 -20.377314
v -1.112671 0.000000 -20.539728
v -0.762833 0.000000 -20.655741
v -0.403370 0.000000 -20.725357
v -0.039093 0.000000 -20.748554
v 0.325188 0.000000 -20.725359
v 0.684654 0.000000 -20.655743
v 1.034492 0.000000 -20.539732
v 1.369888 0.000000 -20.377308
v 1.686035 0.000000 -20.168484
v 1.978107 0.000000 -19.913246
v 2.233341 0.000000 -19.621178
v 2.442165 0.000000 -19.305031
v 2.604591 0.000000 -18.969637
v 2.720608 0.000000 -18.619789
v 2.790215 0.000000 -18.260328
v 2.813416 0.000000 -17.896046
v 2.790215 0.000000 -17.531773
v 2.720604 0.000000 -17.172304
v 2.604591 0.000000 -16.822466
v 2.442165 0.000000 -16.487068
v 2.233345 0.000000 -16.170923
v 1.978104 0.000000 -15.878849
v 1.686035 0.000000 -15.623615
v 1.369888 0.000000 -15.414793
v 1.034492 0.000000 -15.252369
v 0.684654 0.000000 -15.136349
v 0.325188 0.000000 -15.066744
v -0.039093 0.000000 -15.043537
v -0.403370 0.000000 -15.066742
v -0.762840 0.000000 -15.136354
v -1.112671 0.000000 -15.252375
v -1.448071 0.000000 -15.414795
v -1.764214 0.000000 -15.623623
v -0.304535 0.025400 -18.440248
v 0.305058 0.025400 -18.440247
v -0.304543 0.025400 -18.592648
v 0.305054 0.025400 -18.592642
v -0.304535 0.000000 -18.440248
v 0.305058 0.000000 -18.440247
v -0.304543 0.000000 -18.592648
v 0.305054 0.000000 -18.592642
v 1.346046 0.000000 -1.346027
v 68.151085 0.000000 -68.151054
v 1.453617 0.000000 -1.345833
v 68.205177 -0.000004 -68.097374
v -1.345345 0.000000 -1.345837
v -67.985207 -0.000004 -67.877724
v -1.453106 0.000000 -1.345840
v -67.931534 -0.000004 -67.931808
v 19.074089 0.000000 -19.074066
v 19.397377 0.000000 -19.397354
v 18.750793 0.000000 -19.397358
v 19.074081 0.000000 -19.720646
v 18.750793 0.076200 -19.397358
v 19.074089 0.076200 -19.074066
v 19.397377 0.076200 -19.397354
v 19.074081 0.076200 -19.720646
v 0.000256 0.000000 -38.146675
v 0.324764 0.000000 -38.469963
v 0.000259 0.000000 -38.793251
v 0.000256 0.076200 -38.146675
v 0.324764 0.076200 -38.469963
v 0.000259 0.076200 -38.793251
v -19.073574 0.000000 -19.074062
v -19.396862 0.000000 -19.397354
v -18.750286 0.000000 -19.397350
v -19.073570 0.000000 -19.720646
v -18.750286 0.076200 -19.397350
v -19.073574 0.076200 -19.074062
v -19.396862 0.076200 -19.397354
v -19.073570 0.076200 -19.720646
v -0.324257 0.000000 -38.469959
v -0.324257 0.076200 -38.469959
v 18.699989 0.000000 -18.699968
v -27.463173 0.000000 -27.463663
v -2.756306 0.000000 -2.756798
v -2.810184 0.000000 -2.702919
v 27.463692 0.000000 -27.463669
v 27.493385 0.000000 -27.385597
v 2.756817 0.000000 -2.756798
v 2.810699 0.000000 -2.702915
v -18.699478 0.000000 -18.699966
v 4.322845 0.000000 14.953632
v 10.661839 0.000000 11.535576
v 17.676964 0.000000 2.814514
v 16.096687 0.000000 1.431278
v 29.117432 0.000000 -14.466755
v 30.697906 0.000000 -13.168911
v 75.567429 0.000000 -69.072540
v 34.622711 0.000000 -109.499313
v 29.783005 0.000000 -113.588501
v 24.392899 0.000000 -116.915482
v 18.561806 0.000000 -119.481567
v 12.399174 0.000000 -121.288086
v 6.014423 0.000000 -122.336395
v -0.483017 0.000000 -122.627808
v -6.983704 0.000000 -122.163666
v -13.378235 0.000000 -120.945328
v -19.557163 0.000000 -118.974075
v -25.411068 0.000000 -116.251266
v -30.830519 0.000000 -112.778244
v -35.706100 0.000000 -108.556335
v -75.839973 0.000000 -68.169632
v -30.228493 0.000000 -13.077702
v -28.859095 0.000000 -14.236425
v -15.650471 0.000000 1.605659
v -17.121330 0.000000 2.802799
v -10.244534 0.000000 11.380371
v -3.660892 0.000000 15.037949
v 4.322845 0.609600 14.953632
v 10.661839 0.609600 11.535576
v 17.676964 0.609600 2.814514
v 16.096687 0.609600 1.431278
v 29.117432 0.609600 -14.466755
v 30.697906 0.609600 -13.168911
v -30.830519 3.657599 -112.778244
v -25.411068 3.657599 -116.251266
v -19.557163 3.657599 -118.974075
v -13.378235 3.657599 -120.945328
v -6.983704 3.657599 -122.163666
v -0.483017 3.657599 -122.627808
v 6.014423 3.657599 -122.336395
v -72.071114 3.657596 -71.963608
v -72.016724 3.657596 -72.016968
v 29.783005 3.657599 -113.588501
v -30.228493 1.219200 -13.077702
v -28.859095 0.609600 -14.236425
v -15.650471 0.609600 1.605659
v -17.121330 0.609600 2.802799
v -10.244534 0.609600 11.380371
v -3.660892 0.609600 15.037949
v -30.228493 0.609600 -13.077702
v 34.622711 3.657599 -109.499313
v 60.793625 0.000000 -50.724888
v 63.913795 0.916861 -48.082165
v 39.558571 0.000000 -24.352978
v 60.793617 0.914400 -50.724895
v 39.558571 0.914400 -24.352982
v 39.558571 0.609600 -24.352978
v 0.429684 0.000000 9.355423
v -34.915016 0.000000 -18.738333
v -60.835609 1.219200 -50.046574
v -34.915016 1.219200 -18.738333
v -7.783695 0.000000 5.586311
v -68.899124 0.000000 -66.957008
v -30.664921 0.000000 -105.475967
v -26.540644 0.000000 -109.003906
v -21.886866 0.000000 -111.884720
v -16.810310 0.000000 -114.121201
v -11.417713 0.000000 -115.716141
v -5.815804 0.000000 -116.672333
v -0.111309 0.000000 -116.992615
v 5.589058 0.000000 -116.679779
v 11.178543 0.000000 -115.736588
v 16.550446 0.000000 -114.165878
v 21.598015 0.000000 -111.970444
v 26.214531 0.000000 -109.153091
v 30.293243 0.000000 -105.716583
v 68.834633 0.000000 -67.472809
v 7.341152 0.000000 6.354935
v 6.305851 0.000000 7.393967
v 5.141407 0.000000 8.206543
v 3.874283 0.000000 8.800426
v 2.530952 0.000000 9.183392
v 1.137867 0.000000 9.363205
v -0.278500 0.000000 9.347641
v -1.691685 0.000000 9.144463
v -3.075233 0.000000 8.761440
v -4.402672 0.000000 8.206341
v -5.647537 0.000000 7.486942
v -6.783367 0.000000 6.611008
v 38.778557 0.000000 -23.368423
v 35.217262 0.000000 -18.873314
v 34.479652 0.000000 -17.942284
v 31.334496 0.000000 -13.972412
v 0.330978 0.000000 14.995792
v 47.994339 4.572001 -15.872303
v -7.027000 4.572001 27.182453
v 7.377323 4.572001 26.962959
v 18.570801 4.572001 20.245586
v 39.730614 4.572001 -5.728449
v -18.192581 4.572001 20.474339
v -43.990501 4.572001 -11.390869
v 44.370461 4.572001 -11.423935
v 43.620918 4.572001 -10.503853
v 40.424904 4.572001 -6.580696
v 31.941711 0.666421 -12.155636
v 26.749802 4.572001 10.205723
v 18.920769 0.666421 3.827785
v 27.786285 0.666421 -7.054781
v 26.958069 0.666421 -6.038136
v 23.376328 0.666421 -1.641483
v 22.508476 0.666421 -0.576183
v 35.615318 4.572001 -0.676842
v 34.787094 4.572001 0.339809
v 31.205360 4.572001 4.736454
v 30.337509 4.572001 5.801754
v 22.381126 4.572001 15.568340
v 21.542313 4.572001 16.597996
v 25.876129 4.572001 11.278164
v -8.873962 10.667987 43.548550
v 5.815056 4.572001 27.017597
v -5.692654 4.572001 27.420021
v 58.955788 4.572000 -29.266960
v 48.767410 3.657600 -16.816982
v -30.864548 4.572001 4.822109
v -25.500116 4.572001 11.448177
v -29.940786 4.572001 5.963123
v -26.447567 4.572001 10.277901
v -22.002113 4.572001 15.768864
v -21.164539 4.572001 16.803421
v -39.226589 4.572001 -5.506561
v -40.159733 4.572001 -6.659164
v -43.179634 4.572001 -10.389299
v -35.220734 4.572001 -0.558582
v -34.372833 4.572001 0.488731
v 84.332405 3.657599 -60.307575
v -31.680740 0.698404 -11.855759
v -18.573574 0.698404 4.024742
v -26.711287 0.698404 -5.834822
v -22.227901 0.698404 -0.402802
v -27.569010 0.698404 -6.874033
v -23.162359 0.698404 -1.534985
v -34.174942 0.000000 -17.844431
v -31.114502 0.000000 -14.147869
v -11.928879 0.000000 9.279453
v -12.762180 0.000000 8.240059
v -16.242317 0.000000 3.899212
v -8.356968 0.000000 12.429016
v -7.193554 0.000000 13.075356
v -2.356297 0.000000 15.024170
v 2.777901 0.000000 14.969952
v -0.362621 0.000000 15.003113
v 0.878811 0.000000 14.990005
v 0.827019 0.000000 17.693539
v -0.334412 0.000000 17.674114
v -8.869049 12.186497 44.158131
v -8.259468 10.665252 44.153210
v 12.463837 0.000000 9.295368
v 13.296242 0.000000 8.260540
v 16.764503 0.000000 3.948868
v -48.823296 4.572001 -17.383541
v -39.905815 0.000000 -24.766474
v 61.565933 4.572001 -27.130955
v 21.087006 4.572001 22.962883
v 8.118629 4.572001 30.222240
v -6.426579 4.572001 30.520191
v -20.521267 4.572001 23.202576
v -53.351891 4.572001 -17.047222
v -51.691307 4.572001 -15.011368
v 58.955788 3.657600 -29.266960
v 48.767410 4.572000 -16.816982
v 67.954536 7.620000 -21.930065
v 27.230568 7.620000 28.376896
v 25.162041 7.002104 27.950352
v -8.905914 7.619997 39.586277
v -26.431292 10.748267 30.356319
v -12.618088 7.447670 43.111706
v -12.618080 10.665259 43.111698
v -54.078213 7.620000 -7.564629
v -26.431292 7.533413 30.356319
v -10.472687 10.667994 39.271305
v 0.964172 7.619998 39.506680
v -0.221634 7.619998 39.516247
v 34.716759 7.620000 19.129074
v 36.041153 7.620000 17.493038
v 29.668243 4.572001 12.343349
v 28.345291 4.572001 13.980541
v 21.761147 4.572001 22.128624
v 15.910690 4.572001 26.022991
v 14.653481 4.572001 26.766224
v 0.933647 4.572001 30.509487
v -0.252163 4.572001 30.511219
v -15.426865 4.572001 26.154339
v -14.223705 4.572001 26.851463
v -36.796669 4.572001 3.249203
v -28.745575 4.572002 13.119709
v -27.864002 4.572002 14.200508
v -21.314888 4.572001 22.229610
v -37.675007 4.572001 2.172379
v -42.522800 4.572001 -3.770935
v -43.394360 4.572001 -4.839455
v -48.249527 4.572001 -10.791803
v -48.997509 4.572001 -11.708817
v -58.407402 7.620000 -12.810242
v -56.909664 7.620000 -14.065483
v -52.545868 7.620000 -8.845682
v -40.347713 7.620000 6.145683
v -33.648514 7.620000 14.392429
v -34.320023 7.620000 14.981335
v -32.988476 7.620000 16.573906
v -7.828377 4.572001 30.125622
v 6.552238 4.572001 30.284863
v -40.347713 6.023399 6.145683
v -32.988476 6.326384 16.573906
v -34.320023 6.326384 14.981335
v -33.648514 6.048883 14.392429
v 9.118561 3.048000 -124.528564
v -27.535130 7.620000 29.437397
v -35.197845 7.620000 20.234760
v -13.657135 7.620000 -123.436905
v -36.117241 7.620000 19.121067
v 5.849262 7.620000 -125.048508
v -44.253159 7.620001 9.332989
v -35.175468 6.096000 -112.302612
v -45.111465 7.620000 8.295902
v -32.290352 6.096000 -114.851257
v -29.035423 6.096000 -117.123383
v -49.993546 7.620000 2.380550
v -50.871269 7.620000 1.317059
v -55.760769 7.620000 -4.607288
v -56.514038 7.620000 -5.519987
v -25.477674 6.096000 -119.118500
v -60.877838 7.620000 -10.739788
v -21.684053 6.096000 -120.836121
v -31.680740 1.308004 -11.855759
v -18.573574 1.308004 4.024742
v -26.711287 1.308004 -5.834822
v -22.227901 1.308004 -0.402802
v -27.569010 1.308004 -6.874033
v -23.162359 1.308004 -1.534985
v 18.920769 0.000000 3.827785
v 31.941711 0.000000 -12.155636
v 31.941711 1.276021 -12.155636
v 18.920769 1.276021 3.827785
v 27.786285 1.276021 -7.054781
v 26.958069 1.276021 -6.038136
v 23.376328 1.276021 -1.641483
v 22.508476 1.276021 -0.576183
v 30.697906 1.276021 -13.168911
v 17.676964 1.276021 2.814514
v 26.542480 1.276021 -8.068052
v 25.714264 1.276021 -7.051401
v 22.132523 1.276021 -2.654758
v 21.264671 1.276021 -1.589458
v -30.228493 1.308004 -13.077702
v -17.121330 1.308004 2.802799
v -25.259039 1.308004 -7.056765
v -20.775656 1.308004 -1.624744
v -26.116762 1.308004 -8.095976
v -21.710112 1.308004 -2.756924
v 17.676964 -0.609600 2.814514
v 30.697906 -0.609600 -13.168911
v 18.920769 -0.609600 3.827785
v 31.941711 -0.609600 -12.155636
v 28.536255 0.000000 -13.757137
v 16.675537 0.000000 0.724522
v 28.536255 0.609600 -13.757137
v 16.675537 0.609600 0.724522
v -17.721550 6.096000 -122.275757
v 29.117432 -0.203200 -14.466755
v 28.536255 -0.203200 -13.757137
v 29.353226 -0.200420 -14.273632
v 28.772041 -0.200420 -13.564024
v 29.354660 -0.403612 -14.272457
v 28.773483 -0.403612 -13.562845
v 29.590424 -0.398014 -14.079355
v 29.009247 -0.398014 -13.369749
v 29.593437 -0.609600 -14.076897
v 29.012253 -0.609600 -13.367285
v 16.677872 0.000000 0.721668
v 16.677872 -0.203200 0.721668
v 16.096687 -0.203200 1.431278
v 16.913666 -0.200420 0.914791
v 16.332489 -0.200420 1.624401
v 16.915100 -0.403612 0.915966
v 16.333923 -0.403612 1.625576
v 17.150856 -0.398014 1.109062
v 16.569695 -0.398014 1.818672
v 17.153877 -0.609600 1.111530
v 16.572693 -0.609600 1.821133
v -16.237862 0.000000 0.901180
v -15.650471 -0.203200 1.605659
v -16.237862 -0.203200 0.901180
v -15.887119 -0.200420 1.798271
v -16.471954 -0.200420 1.096355
v -15.888550 -0.403612 1.799458
v -16.473370 -0.403612 1.097549
v -16.125187 -0.398014 1.992035
v -16.707432 -0.398014 1.292702
v -16.128170 -0.609600 1.994522
v -16.710423 -0.609600 1.295197
v 28.536255 -0.609600 -13.757137
v 16.677872 -0.609600 0.721668
v -16.237862 -0.609600 0.901180
v -18.573574 0.000000 4.024742
v -31.680740 0.000000 -11.855759
v -30.228493 -0.609600 -13.077702
v -17.121330 -0.609600 2.802799
v -18.573574 -0.609600 4.024742
v -31.680740 -0.609600 -11.855759
v -28.271702 -0.609600 -13.531944
v -28.271702 0.609600 -13.531944
v -16.237862 0.609600 0.901180
v -30.184240 4.572001 11.355930
v -52.545868 5.998546 -8.845682
v -56.909664 6.029066 -14.065483
v 67.017708 0.000000 -45.453239
v 81.411018 0.000000 -63.228958
v 81.411018 3.657599 -63.228958
v 67.017708 3.657599 -45.453239
v -70.370811 0.000001 -61.563690
v 63.651352 0.000000 -54.273914
v 71.542915 0.000000 -64.074478
v 77.916725 0.000000 -58.913513
v 69.998512 0.000000 -49.134518
v 67.017708 4.572000 -45.453239
v 55.894920 3.657600 -32.048855
v 45.552567 3.657600 -19.444912
v 32.854698 6.096001 14.918190
v 31.261467 5.334001 13.630772
v 34.447929 6.858000 16.205616
v 29.668243 5.334001 12.343349
v 46.367317 4.572001 -8.322235
v 47.960541 5.334001 -7.034801
v 46.367317 5.334001 -8.322235
v 31.261467 6.096001 13.630772
v 49.553772 6.096001 -5.747379
v 47.960541 6.096001 -7.034801
v 32.854698 6.858000 14.918190
v 51.146996 6.858000 -4.459961
v 49.553772 6.858000 -5.747379
v 34.447929 7.620000 16.205616
v 52.758308 7.620000 -3.157921
v 51.146996 7.620000 -4.459969
v 53.575066 7.620000 -4.166882
v 47.187721 4.572001 -9.337494
v 50.381386 6.096001 -6.752182
v 48.784554 5.334001 -8.044838
v 51.978233 6.858000 -5.459526
v 44.700943 7.620000 6.795452
v 44.098511 7.620000 7.539669
v 39.310112 5.334001 3.670338
v 39.911903 5.334001 2.925613
v 39.911903 6.096001 2.925613
v 39.310112 6.096001 3.670338
v 40.903687 6.094781 4.958050
v 41.505508 6.094689 4.213345
v 41.505135 6.858000 4.213047
v 40.903343 6.858000 4.957767
v 43.099113 6.855381 5.501087
v 42.497269 6.855562 6.245770
v 43.098351 7.620000 5.500473
v 42.496574 7.620000 6.245197
v 50.691277 4.572001 -13.673264
v 51.538948 4.572001 -14.722275
v 57.082420 7.620000 -8.499573
v 57.931023 7.620000 -9.547844
v 54.734978 6.096001 -12.135056
v 64.760231 6.096001 -24.530510
v 54.734978 4.572001 -12.135056
v 64.760231 4.572001 -24.530510
v 67.954536 6.096001 -21.930065
v 57.931023 6.096001 -9.547844
v 61.565933 5.181602 -27.130955
v 29.668243 5.943601 12.343349
v 46.367317 5.943601 -8.322235
v 31.261467 6.705601 13.630772
v 47.960541 6.705601 -7.034801
v 32.854698 7.467600 14.918190
v 49.553772 7.467600 -5.747379
v 34.447929 8.229600 16.205616
v 51.146996 8.229600 -4.459969
v 39.911903 6.705601 2.925613
v 39.310112 6.705601 3.670338
v 41.505135 7.467600 4.213047
v 40.903343 7.467600 4.957767
v 43.098351 8.229600 5.500473
v 42.496574 8.229600 6.245197
v 51.538948 5.181602 -14.722275
v 54.734978 6.705601 -12.135056
v 64.760231 6.705601 -24.530510
v 70.832588 7.620000 -25.378735
v 83.311317 7.620000 -14.827137
v 84.332405 6.400800 -60.307575
v 104.413536 9.448800 -40.358883
v 42.728188 7.620000 38.217457
v 84.759941 7.620000 -13.602226
v 92.825203 9.448800 -51.814777
v 92.825203 7.620000 -51.814777
v 104.413536 7.620000 -40.358883
v 77.060036 3.048000 -70.926239
v 36.373344 3.048000 -111.291031
v 35.853271 3.048000 -111.795227
v 35.327400 3.048000 -112.281464
v 34.793892 3.048000 -112.751297
v 34.250839 3.048000 -113.206268
v 33.696388 3.048000 -113.647980
v 33.128677 3.048000 -114.077972
v 32.545822 3.048000 -114.497818
v 31.945961 3.048000 -114.909103
v 31.327209 3.048000 -115.313354
v 30.687698 3.048000 -115.712158
v 72.401115 3.505198 -72.293304
v 72.353210 3.505198 -72.245392
v 72.347740 3.505198 -72.347710
v 75.567429 3.505201 -69.072540
v 34.622711 3.505201 -109.499313
v 29.783005 3.505201 -113.588501
v 72.299324 3.505198 -72.299286
v -77.347588 0.000000 -69.990616
v 5.849262 3.048000 -125.048508
v 2.279991 3.048000 -125.287033
v -1.522263 3.048000 -125.244644
v -5.490524 3.048000 -124.921844
v -9.557800 3.048000 -124.319107
v -13.657135 3.048000 -123.436905
v -17.721550 3.048000 -122.275757
v -21.684053 3.048000 -120.836121
v -25.477674 3.048000 -119.118500
v -29.035423 3.048000 -117.123383
v -32.290352 3.048000 -114.851257
v -35.175468 3.048000 -112.302612
v -72.065140 3.047997 -72.065399
v -72.016724 3.505198 -72.016968
v -72.071114 3.505198 -71.963608
v -72.119034 3.047997 -72.011505
v 6.014423 3.505201 -122.336395
v -0.483017 3.505201 -122.627808
v -6.983704 3.505201 -122.163666
v -13.378235 3.505201 -120.945328
v -19.557163 3.505201 -118.974075
v -25.411068 3.505201 -116.251266
v -30.830519 3.505201 -112.778244
v -35.706100 3.505201 -108.556335
v -75.839973 3.505201 -68.169632
v -77.347588 3.048000 -69.990616
v 36.373344 6.096000 -111.291031
v 30.025581 3.048000 -116.107101
v 29.338959 3.048000 -116.499695
v 77.060036 6.096000 -70.926239
v -77.347588 7.620000 -69.990616
v 24.392899 3.505201 -116.915482
v 18.561806 3.505201 -119.481567
v 12.399174 3.505201 -121.288086
v -35.175468 7.620000 -112.302612
v -13.657135 6.096000 -123.436905
v 9.118561 7.620000 -124.528564
v 29.338951 7.620000 -116.499710
v 35.853271 6.096000 -111.795227
v 35.327400 6.096000 -112.281464
v 34.793892 6.096000 -112.751297
v 34.250839 6.096000 -113.206268
v 33.696388 6.096000 -113.647980
v 33.128677 6.096000 -114.077972
v 32.545822 6.096000 -114.497818
v 31.945961 6.096000 -114.909103
v 31.327209 6.096000 -115.313354
v 30.687698 6.096000 -115.712158
v 5.849262 6.096000 -125.048508
v 30.025581 6.096000 -116.107101
v 29.338959 6.096000 -116.499695
v 9.118561 6.096000 -124.528564
v -69.780449 4.572000 -18.243303
v -77.838318 4.572000 -5.410900
v -53.960320 2.249448 -32.810394
v 36.340996 7.620000 32.728077
v 18.159882 7.620000 58.903469
v 22.253273 7.620000 56.566868
v -11.855110 7.620000 61.770512
v 33.061974 7.620000 50.320026
v -13.478973 7.620000 62.441952
v 26.283859 7.620000 29.295910
v -32.981277 7.620000 50.714573
v -56.557831 3.584497 -30.646763
v -51.772018 0.914400 -34.633175
v -50.257298 4.572001 -16.197453
v -49.025307 4.572001 -17.216457
v -49.583721 0.000000 -36.455956
v -54.778744 2.670097 -32.128670
v -52.181232 1.335048 -34.292313
v -57.376263 4.005152 -29.965034
v -46.415668 2.002573 -19.376858
v -43.811745 0.667533 -21.532692
v -56.300343 2.670097 -28.665478
v -52.394405 1.335048 -31.899273
v -43.811745 2.002573 -21.532692
v -46.415668 3.337608 -19.376858
v -51.092430 0.000000 -32.977203
v -41.207809 0.667533 -23.688534
v -57.602936 4.005152 -27.587038
v -56.300343 4.005152 -28.665478
v -48.789085 3.337608 -19.592987
v -47.487072 3.337608 -20.670944
v -54.998360 2.670097 -29.743410
v -53.696384 2.670097 -30.821342
v -46.185123 2.002573 -21.748848
v -53.696384 1.335048 -30.821342
v -44.883141 2.002573 -22.826782
v -51.092430 1.335048 -32.977203
v -43.581161 0.667533 -23.904705
v -49.790451 0.000000 -34.055126
v -42.279202 0.667533 -24.982620
v -48.488472 0.000000 -35.133057
v -41.207806 0.000000 -23.688530
v -58.891102 4.005152 -26.508404
v -49.025307 3.337608 -17.216457
v -50.108250 3.337608 -18.525763
v -57.376263 2.670097 -29.965034
v -47.487072 2.002573 -20.670944
v -54.778744 1.335048 -32.128670
v -44.883137 0.667533 -22.826777
v -52.181232 0.000000 -34.292313
v -56.252613 4.178381 -23.357380
v -56.252621 4.572001 -23.357384
v -56.864685 4.572001 -21.353851
v -68.415375 4.572001 -16.918959
v -59.973774 4.919552 -27.801395
v -54.778744 3.584497 -32.128670
v -52.181232 2.249448 -34.292313
v -57.376263 4.919552 -29.965034
v -52.394405 2.249448 -31.899273
v -43.811745 2.916973 -21.532692
v -46.415668 4.252008 -19.376858
v -41.207809 1.581933 -23.688534
v -56.300343 4.919552 -28.665478
v -48.789085 4.252008 -19.592987
v -47.487072 4.252008 -20.670944
v -54.998360 3.584497 -29.743410
v -53.696384 3.584497 -30.821342
v -46.185123 2.916973 -21.748848
v -44.883141 2.916973 -22.826782
v -51.092430 2.249448 -32.977203
v -43.581161 1.581933 -23.904705
v -49.790451 0.914400 -34.055126
v -42.279202 1.581933 -24.982620
v -58.891102 4.919552 -26.508404
v -57.376263 3.584497 -29.965034
v -54.778744 2.249448 -32.128670
v -56.252613 5.092782 -23.357380
v -50.257298 5.486402 -16.197453
v -49.025307 5.486402 -17.216457
v -57.602936 4.833215 -27.587038
v -50.882477 0.000000 -35.374130
v -52.181232 0.914400 -34.292313
v -49.583721 0.914400 -36.455956
v -58.902657 7.620000 18.281544
v -75.690575 4.572001 -5.749994
v -57.241051 7.620000 16.932041
v -70.725883 7.620000 -2.486217
v -65.316200 7.620000 4.327892
v -66.525497 6.086142 5.517654
v -66.525497 7.620000 5.517654
v -59.973774 4.572001 -27.801395
v 10.213356 7.619998 39.432087
v 42.496513 0.000000 -21.945824
v 63.914215 0.000000 -48.081821
v 45.552567 1.828800 -19.444912
v 63.913368 1.828799 -48.082512
v 42.496513 1.828800 -21.945824
v 67.017708 1.828799 -45.453239
v 84.332405 4.572000 -60.307575
v 81.411018 4.572000 -63.228958
v 55.894920 4.572001 -32.048855
v 45.552567 4.572001 -19.444912
v 63.913368 2.743199 -48.082512
v 42.496513 2.743200 -21.945824
v 43.242104 1.828800 -21.338585
v 46.925644 3.657602 -18.324177
v 42.496513 1.459332 -21.945824
v 45.552567 2.976607 -19.444912
v -85.375175 0.000001 -79.686737
v -73.377441 0.000001 -65.195259
v -85.375175 3.657600 -79.686737
v -70.370811 3.657600 -61.563690
v -70.370811 1.219200 -61.563690
v -75.462288 3.657600 -57.265942
v -75.462288 1.219200 -57.265942
v -89.955788 0.000001 -75.106125
v -89.955788 3.657600 -75.106125
v -81.800552 0.000001 -75.369125
v -86.842041 0.000001 -71.273392
v 31.841751 7.620000 37.541164
v 33.268112 7.620000 38.934734
v 28.717346 7.620000 44.431728
v 18.711739 7.620000 50.713337
v 37.632812 7.620000 33.838314
v 44.439705 7.620000 26.034611
v 43.418549 7.620000 25.156826
v 46.217781 7.620000 21.745731
v 52.171593 7.620000 26.574966
v 49.253517 7.620000 30.172565
v 33.061974 10.667997 50.320026
v 22.253273 10.667997 56.566868
v 37.632812 10.667997 33.838314
v 36.340996 10.667997 32.728077
v 42.728188 10.667997 38.217457
v 31.841751 10.667997 37.541164
v 33.268112 10.667997 38.934734
v 28.717346 10.667997 44.431728
v 18.711739 10.667997 50.713337
v 43.418549 10.667997 25.156826
v 46.217781 10.667997 21.745731
v 49.253517 10.667997 30.172565
v 52.171593 10.667997 26.574966
v 42.728188 11.277599 38.217457
v 37.632812 11.277599 33.838314
v 44.439705 11.277599 26.034611
v 49.253517 11.277599 30.172565
v 44.439705 10.667997 26.034611
v 10.833195 7.620000 62.149235
v 10.802856 7.620000 65.052490
v -11.896553 7.620000 64.782623
v 26.283859 10.667998 29.295910
v 10.213356 10.668018 39.432087
v 8.618996 7.619997 39.444950
v -10.472687 7.453141 39.271305
v 20.339729 7.619999 33.045063
v 19.104958 7.619999 33.823872
v -8.905914 10.667994 39.586277
v 8.618996 10.667994 39.444950
v -28.576685 7.527943 34.196720
v -28.576685 10.742797 34.196720
v 28.722931 10.668003 33.162960
v 12.652435 7.620003 43.299145
v 28.722931 7.620005 33.162960
v 8.655865 7.619989 44.016804
v -19.822050 7.500169 34.048458
v -18.608261 7.494064 34.726513
v -8.869049 7.619989 44.158131
v -8.869049 10.667987 44.158131
v 8.655865 10.667987 44.016804
v 74.078102 7.620000 -22.634426
v 68.379623 7.620000 -16.057102
v 65.700485 7.620000 9.895611
v 61.970436 7.620000 14.494282
v 55.797661 7.620000 9.709507
v 73.527779 7.620000 -11.635765
v 79.180077 7.620000 -18.320381
v 59.749184 7.620000 4.952255
v 74.078102 10.667997 -22.634426
v 68.379623 10.667997 -16.057102
v 61.970436 10.667997 14.494282
v 65.700485 10.667997 9.895611
v 55.797661 10.667997 9.709507
v 73.527779 10.667997 -11.635765
v 79.180077 10.667997 -18.320381
v 59.749184 10.667997 4.952255
v 65.700485 11.277599 9.895611
v 84.759941 11.277599 -13.602226
v 59.749184 11.277599 4.952255
v 73.527779 11.277599 -11.635765
v 79.180077 11.277599 -18.320381
v 61.970436 11.277599 14.494282
v 57.917427 10.667997 -7.352798
v 55.797661 11.277599 9.709507
v 48.665642 10.667997 3.785416
v 74.078102 11.277599 -22.634426
v 68.379623 11.277599 -16.057102
v 52.617188 10.667997 -0.971821
v 65.049446 11.277599 -1.428711
v 65.049446 10.667997 -1.428711
v 83.311317 9.448800 -14.827137
v 104.413536 9.448800 -40.358883
v 105.816612 7.620000 -39.102337
v 11.051483 7.620000 55.042324
v -11.766159 7.620000 55.304043
v 5.125214 7.620000 55.110302
v -6.155357 7.620000 55.239689
v -6.269600 7.620000 64.849518
v 5.007828 7.620000 64.983597
v 5.043640 7.620000 61.971401
v -6.233795 7.620000 61.837337
v 10.833195 11.277597 62.149235
v 11.051483 11.277597 55.042324
v 5.125214 11.277597 55.110302
v 5.043640 11.277597 61.971401
v -6.155357 11.277597 55.239689
v -11.766159 11.277597 55.304043
v -11.855110 11.277597 61.770512
v -6.233795 11.277597 61.837337
v 5.125214 10.667997 55.110302
v -6.155357 10.667997 55.239689
v 5.007828 10.667997 64.983597
v -6.269600 10.667997 64.849518
v 5.043640 10.667997 61.971401
v -6.233795 10.667997 61.837337
v 5.125214 12.191998 55.110302
v -6.155357 12.191998 55.239689
v 5.007828 12.191998 64.983597
v -6.269600 12.191998 64.849518
v 5.043640 12.191998 61.971401
v -6.233795 12.191998 61.837337
v -0.630886 14.630398 64.916550
v -0.515076 14.630398 55.174999
v 10.802856 10.058400 65.052490
v 10.833195 10.058400 62.149235
v 5.043640 10.058400 61.971401
v 5.007828 10.058400 64.983597
v -11.896553 10.058400 64.782623
v -11.855110 10.058400 61.770512
v -6.233799 10.058380 61.837345
v -6.269600 10.058400 64.849518
v -11.855110 10.668000 61.770512
v -19.164795 7.620000 59.022884
v -15.474918 7.620000 52.886723
v -13.478973 10.668000 62.441952
v -11.766159 10.668000 55.304043
v -19.164795 10.668000 59.022884
v -15.474918 10.668000 52.886723
v -23.409470 7.620000 56.470417
v -19.463036 7.620000 49.408382
v -28.103975 7.620000 44.470272
v -33.619839 7.620000 38.261494
v -32.298820 7.620000 37.184742
v -36.760372 7.620000 31.128010
v -44.006699 7.620000 36.919476
v -23.409470 10.668000 56.470417
v -32.981277 10.668000 50.714573
v -19.463036 10.668000 49.408382
v -28.103975 10.668000 44.470272
v -33.619839 10.668000 38.261494
v -32.298820 10.668000 37.184742
v -36.760372 10.668000 31.128010
v -44.006699 10.668000 36.919476
v -38.593868 7.612786 32.596210
v -44.797318 7.612786 24.738499
v -50.256920 7.620000 29.099155
v -38.547092 10.660787 32.558826
v -44.797318 10.660787 24.738499
v -50.256920 10.668000 29.099155
v -55.760769 10.668001 -4.607288
v -59.252525 10.668001 -1.657345
v -49.993546 10.668001 2.380550
v -50.871269 10.668001 1.317059
v -45.111465 10.668001 8.295902
v -48.503815 10.668000 11.161869
v -28.044128 10.740118 34.494228
v -28.277533 10.743560 33.661221
v -28.271275 12.267540 33.665760
v 8.645336 12.191771 43.993336
v -28.570431 12.605893 34.201267
v -12.611824 12.605893 43.116253
v -8.879143 12.605893 44.134464
v 8.645336 12.605893 43.993336
v 12.673874 12.605893 43.313381
v 28.744377 12.605893 33.177204
v -38.866371 12.605893 21.335140
v 38.101242 12.605893 21.935009
v -36.117241 14.352473 19.121067
v -26.431292 14.352473 30.356319
v -10.472683 14.352473 39.271305
v -8.905918 14.352473 39.586277
v 8.618996 14.352473 39.444950
v 10.213356 14.352473 39.432087
v 34.722343 14.352473 19.123722
v 26.283859 14.352473 29.295910
v 38.143524 12.745213 21.971691
v 28.779922 12.745213 33.218380
v 26.319389 14.491793 29.337086
v 34.764626 14.491793 19.160404
v 12.691757 12.745213 43.364407
v 10.231236 14.491793 39.483112
v 8.649029 12.745213 44.048733
v 8.622688 14.491793 39.500355
v -8.885933 12.745213 44.189281
v -8.912712 14.491793 39.641102
v -12.632275 12.745213 43.168552
v -10.493137 14.491793 39.323597
v -28.607718 12.745213 34.245602
v -26.468578 14.491793 30.400654
v -38.914070 12.745213 21.374416
v -36.164940 14.491793 19.160343
v -38.481960 7.620000 21.808258
v -38.481960 12.301104 21.808258
v -38.866371 7.620000 21.335140
v -38.866371 12.301104 21.335140
v -38.008842 7.620000 21.423847
v -38.008842 12.301104 21.423847
v -38.393253 7.620000 20.950729
v -38.393253 12.301104 20.950729
v -38.459785 12.301104 21.593876
v -38.651989 12.301104 21.357315
v -38.223221 12.301104 21.401669
v -38.415432 12.301104 21.165108
v -36.205948 7.620000 19.978596
v -36.205948 12.301104 19.978596
v -36.590355 7.620000 19.505474
v -36.590355 12.301104 19.505474
v -35.732826 7.620000 19.594181
v -35.732826 12.301104 19.594181
v -36.117241 12.301104 19.121067
v -28.576685 10.748267 34.196720
v -28.576685 12.266777 34.196720
v -28.279387 10.748267 33.664532
v -28.279387 12.266777 33.664532
v -28.044504 10.748267 34.494015
v -28.044504 12.266777 34.494015
v -27.747196 10.748267 33.961826
v -27.747196 12.266777 33.961826
v -28.369318 12.266777 34.137997
v -28.220667 12.266777 33.871899
v -28.103224 12.266777 34.286648
v -27.954575 12.266777 34.020550
v -28.369318 12.764910 34.137997
v -28.220667 12.885902 33.871899
v -27.954575 12.885902 34.020550
v -28.103224 12.764910 34.286648
v -26.728594 10.748267 30.888515
v -26.728594 12.266777 30.888515
v -26.431293 12.266777 30.356327
v -26.196407 10.748267 31.185810
v -26.196407 12.266777 31.185810
v -25.899099 10.748267 30.653629
v -25.899099 12.266777 30.653629
v -26.521225 12.266777 30.829792
v -26.372572 12.266777 30.563702
v -26.255133 12.266777 30.978443
v -26.106478 12.266777 30.712345
v -26.521225 14.269130 30.829792
v -26.372572 14.390121 30.563702
v -26.106478 14.390121 30.712345
v -26.255133 14.269130 30.978443
v -28.154144 12.498949 33.909061
v -28.021099 12.498949 33.983387
v -28.154144 12.651349 33.909061
v -28.021099 12.651349 33.983387
v -26.454628 12.498949 30.866993
v -26.321583 12.498949 30.941319
v -26.454628 12.651349 30.866993
v -26.321583 12.651349 30.941319
v -13.150269 10.667994 42.814404
v -13.150269 12.186504 42.814404
v -12.852966 10.667994 42.282215
v -12.852966 12.186504 42.282215
v -8.873962 12.186497 43.548550
v -12.618080 12.186504 43.111698
v -12.320782 10.667994 42.579502
v -12.320782 12.186504 42.579502
v -12.942902 12.186504 42.755672
v -12.794247 12.186504 42.489582
v -12.676804 12.186504 42.904331
v -12.528160 12.186504 42.638226
v -12.942902 12.684637 42.755672
v -12.794247 12.805630 42.489582
v -12.528160 12.805630 42.638226
v -12.676804 12.684637 42.904331
v -11.302177 10.667994 39.506199
v -11.302177 12.186504 39.506199
v -11.004871 10.667994 38.974003
v -11.004871 12.186504 38.974003
v -10.769989 10.667994 39.803493
v -10.769989 12.186504 39.803493
v -10.472687 12.186504 39.271305
v -11.094810 12.186504 39.447468
v -10.946152 12.186504 39.181377
v -10.828712 12.186504 39.596127
v -10.680065 12.186504 39.330021
v -11.094810 14.188857 39.447468
v -10.946152 14.309848 39.181377
v -10.680065 14.309848 39.330021
v -10.828712 14.188857 39.596127
v -12.727730 12.418676 42.526737
v -12.594685 12.418676 42.601063
v -12.727730 12.571076 42.526737
v -12.594685 12.571076 42.601063
v -11.028214 12.418676 39.484669
v -10.895168 12.418676 39.558994
v -11.028214 12.571076 39.484669
v -10.895168 12.571076 39.558994
v -8.259468 12.186497 44.153210
v -8.264389 10.667987 43.543621
v -8.264389 12.186497 43.543621
v -8.717892 12.186497 44.004505
v -8.720337 12.186497 43.699718
v -8.413094 12.186497 44.002041
v -8.415558 12.186497 43.697254
v -8.717892 12.684629 44.004505
v -8.720337 12.805622 43.699718
v -8.415558 12.805622 43.697254
v -8.413094 12.684629 44.002041
v -8.901001 10.667994 40.195866
v -8.901001 12.186504 40.195866
v -8.905918 12.186504 39.586277
v -8.291420 10.667994 40.190945
v -8.291420 12.186504 40.190945
v -8.296341 10.667994 39.581364
v -8.296341 12.186504 39.581364
v -8.749844 12.186504 40.042240
v -8.752293 12.186504 39.737446
v -8.445049 12.186504 40.039783
v -8.447517 12.186504 39.734989
v -8.749844 14.188857 40.042240
v -8.752293 14.309848 39.737446
v -8.447517 14.309848 39.734989
v -8.445049 14.188857 40.039783
v -8.644157 12.418669 43.699093
v -8.491760 12.418669 43.697865
v -8.644157 12.571069 43.699093
v -8.491760 12.571069 43.697865
v -8.673386 12.418669 40.041546
v -8.520996 12.418669 40.040318
v -8.673386 12.571069 40.041546
v -8.520996 12.571069 40.040318
v 8.046295 10.670722 44.021725
v 8.041378 10.670722 43.412144
v 8.046295 12.189232 44.021725
v 8.041378 12.189232 43.412144
v 8.655865 12.189232 44.016796
v 8.650948 10.670722 43.407215
v 8.650948 12.189232 43.407215
v 8.197449 12.189232 43.868099
v 8.195004 12.189232 43.563313
v 8.502239 12.189232 43.865635
v 8.499779 12.189232 43.560841
v 8.197449 12.687365 43.868099
v 8.195004 12.808357 43.563313
v 8.499779 12.808357 43.560841
v 8.502239 12.687365 43.865635
v 8.014336 10.670730 40.059452
v 8.014336 12.189240 40.059452
v 8.009418 10.670730 39.449871
v 8.009418 12.189240 39.449871
v 8.623913 10.670730 40.054531
v 8.623913 12.189240 40.054531
v 8.618996 10.670730 39.444950
v 8.618996 12.189240 39.444950
v 8.165489 12.189240 39.905827
v 8.163044 12.189240 39.601040
v 8.470284 12.189240 39.903370
v 8.467823 12.189240 39.598576
v 8.165489 14.191592 39.905827
v 8.163044 14.312583 39.601040
v 8.467823 14.312583 39.598576
v 8.470284 14.191592 39.903370
v 8.271187 12.421404 43.562687
v 8.423573 12.421404 43.561451
v 8.271187 12.573804 43.562687
v 8.423573 12.573804 43.561451
v 8.241951 12.421404 39.905140
v 8.394341 12.421404 39.903904
v 8.241951 12.573804 39.905140
v 8.394341 12.573804 39.903904
v 12.652435 10.668003 43.299145
v 12.327225 10.668007 42.783535
v 12.652458 12.186513 43.299137
v 13.168045 10.665257 42.973934
v 12.327259 12.186517 42.783535
v 13.168068 12.186502 42.973927
v 12.842819 10.667995 42.458324
v 12.842857 12.186504 42.458317
v 12.700058 12.186511 43.088940
v 12.537457 12.186513 42.831127
v 12.957855 12.186505 42.926327
v 12.795250 12.186507 42.668522
v 12.700066 12.684644 43.088932
v 12.537464 12.805638 42.831120
v 12.795265 12.805633 42.668522
v 12.957870 12.684638 42.926327
v 10.538567 10.668034 39.947697
v 10.538601 12.186543 39.947697
v 10.213390 12.186547 39.432079
v 11.054184 10.668022 39.622494
v 11.054211 12.186532 39.622486
v 10.728970 10.668026 39.106892
v 10.728989 12.186536 39.106869
v 10.586201 12.186542 39.737499
v 10.423599 12.186543 39.479687
v 10.843994 12.186536 39.574886
v 10.681396 12.186538 39.317089
v 10.586239 14.188894 39.737492
v 10.423630 14.309887 39.479671
v 10.681431 14.309881 39.317074
v 10.844036 14.188889 39.574879
v 12.601898 12.418683 42.790478
v 12.730804 12.418680 42.709179
v 12.601898 12.571083 42.790478
v 12.730804 12.571080 42.709179
v 10.650829 12.418705 39.696636
v 10.779728 12.418701 39.615337
v 10.650833 12.571104 39.696636
v 10.779736 12.571101 39.615345
v 28.207710 10.667591 33.488773
v 27.882507 10.667595 32.973171
v 28.207733 12.186101 33.488766
v 28.723320 10.664845 33.163563
v 27.882530 12.186105 32.973164
v 28.723351 12.186090 33.163563
v 28.398094 10.667583 32.647953
v 28.398132 12.186092 32.647945
v 28.255333 12.186099 33.278568
v 28.092735 12.186101 33.020756
v 28.513130 12.186093 33.115955
v 28.350533 12.186095 32.858158
v 28.255341 12.684232 33.278561
v 28.092751 12.805226 33.020756
v 28.350540 12.805221 32.858150
v 28.513145 12.684226 33.115955
v 26.093849 10.667622 30.137333
v 26.093880 12.186131 30.137318
v 25.768639 10.667625 29.621723
v 25.768677 12.186135 29.621716
v 26.609459 10.667610 29.812122
v 26.609489 12.186120 29.812107
v 26.284248 10.667614 29.296513
v 26.284271 12.186124 29.296505
v 26.141472 12.186130 29.927128
v 25.978874 12.186131 29.669315
v 26.399269 12.186124 29.764515
v 26.236671 12.186126 29.506718
v 26.141518 14.188482 29.927113
v 25.978912 14.309475 29.669308
v 26.236702 14.309469 29.506702
v 26.399307 14.188477 29.764507
v 28.157181 12.418271 32.980114
v 28.286079 12.418268 32.898808
v 28.157181 12.570671 32.980114
v 28.286087 12.570668 32.898815
v 26.206108 12.418293 29.886265
v 26.334999 12.418289 29.804966
v 26.206108 12.570692 29.886265
v 26.335014 12.570689 29.804966
v -38.459785 12.821034 21.593876
v -38.651989 12.821034 21.357315
v -38.415432 12.971851 21.165108
v -38.223221 12.971851 21.401669
v -36.183765 12.301104 19.764214
v -36.375977 12.301104 19.527653
v -35.947208 12.301104 19.572006
v -36.139412 12.301104 19.335445
v -36.183765 14.265988 19.764214
v -36.375977 14.265988 19.527653
v -36.139412 14.416803 19.335445
v -35.947208 14.416803 19.572006
v -36.231819 12.377304 19.705067
v -36.327919 12.377304 19.586788
v -36.231819 12.529703 19.705067
v -36.327919 12.529703 19.586788
v -38.261688 12.377304 21.354328
v -38.357788 12.377304 21.236050
v -38.261688 12.529703 21.354328
v -38.357788 12.529703 21.236050
v -60.005795 7.620000 -2.570042
v -64.381172 7.620000 -7.803667
v -48.960438 7.620000 10.617287
v -58.807735 7.620000 -1.126869
v 34.328026 7.620000 19.598652
v 38.135315 7.620057 21.978924
v 38.135315 12.301160 21.978924
v 37.746574 7.620057 22.448502
v 37.746574 12.301160 22.448502
v 37.665733 7.620057 21.590199
v 37.665733 12.301160 21.590199
v 37.277000 7.620057 22.059757
v 37.277000 12.301160 22.059757
v 37.920738 12.301160 21.999134
v 37.726357 12.301160 22.233921
v 37.685951 12.301160 21.804771
v 37.491577 12.301160 22.039547
v 35.186333 7.620000 19.517815
v 35.186333 12.301104 19.517815
v 34.797592 7.620000 19.987392
v 34.797592 12.301104 19.987392
v 34.716759 12.301104 19.129074
v 34.328026 12.301104 19.598652
v 37.920738 12.760132 21.999134
v 37.726357 12.760132 22.233921
v 37.491577 12.910948 22.039547
v 37.685951 12.910948 21.804771
v 34.971748 12.301104 19.538017
v 34.777390 12.301104 19.772808
v 34.736969 12.301104 19.343639
v 34.542595 12.301104 19.578434
v 34.971748 14.265989 19.538017
v 34.777390 14.265989 19.772808
v 34.542595 14.416803 19.578434
v 34.736969 14.416803 19.343639
v 34.923164 12.377304 19.596714
v 34.825974 12.377304 19.714108
v 34.923164 12.529703 19.596714
v 34.825974 12.529703 19.714108
v 37.647041 12.377360 21.851746
v 37.549858 12.377360 21.969147
v 37.647041 12.529759 21.851746
v 37.549858 12.529759 21.969147
v -38.546577 11.299203 32.558407
v -44.006187 11.306417 36.919064
v -44.796803 11.299203 24.738083
v -50.256405 11.306417 29.098743
v -42.901066 7.612786 23.224426
v -44.786980 7.612786 20.677631
v -48.235291 7.612786 23.279182
v -50.437714 7.612786 20.456821
v -54.579784 7.620000 23.690350
v -44.795158 10.660784 24.736279
v -50.254757 10.667997 29.096928
v -44.784817 10.660784 20.675411
v -48.233128 10.660784 23.276958
v -42.898903 10.660784 23.222202
v -50.435547 10.660784 20.454597
v -54.577621 10.667997 23.688126
v -66.910904 7.620017 -3.921394
v -67.268867 7.620017 -3.485216
v -67.534836 7.620017 -2.987602
v -67.698631 7.620017 -2.447643
v -67.753937 7.620017 -1.886097
v -67.698639 7.620017 -1.324543
v -67.534851 7.620017 -0.784573
v -67.268860 7.620017 -0.286934
v -66.910889 7.620017 0.149242
v -66.474716 7.620017 0.507210
v -65.977081 7.620017 0.773201
v -65.437103 7.620017 0.936993
v -64.875549 7.620017 0.992290
v -64.314011 7.620017 0.936985
v -63.774048 7.620017 0.773182
v -63.276428 7.620017 0.507221
v -62.840256 7.620017 0.149258
v -62.482285 7.620017 -0.286922
v -62.216297 7.620017 -0.784565
v -62.052498 7.620017 -1.324528
v -61.997185 7.620017 -1.886074
v -62.052490 7.620017 -2.447620
v -62.216278 7.620017 -2.987598
v -62.482292 7.620017 -3.485210
v -62.840237 7.620017 -3.921410
v -63.276436 7.620017 -4.279354
v -63.774052 7.620017 -4.545368
v -64.314026 7.620017 -4.709160
v -64.875580 7.620017 -4.764462
v -65.437119 7.620017 -4.709152
v -65.977081 7.620017 -4.545349
v -66.474724 7.620017 -4.279360
v -66.910904 10.058400 -3.921394
v -62.482292 7.696217 -3.485210
v -67.268860 7.696217 -0.286934
v -62.216278 7.696217 -2.987598
v -67.753937 10.058400 -1.886097
v -62.052490 7.696217 -2.447620
v -67.534851 7.696217 -0.784573
v -61.997185 7.696217 -1.886074
v -66.910889 10.058400 0.149242
v -62.052498 7.696217 -1.324528
v -67.698639 7.696217 -1.324543
v -62.216297 7.696217 -0.784565
v -64.875549 10.058400 0.992290
v -62.482285 7.696217 -0.286922
v -67.753937 7.696217 -1.886097
v -62.840256 7.696217 0.149258
v -62.840256 10.058400 0.149258
v -63.276428 7.696217 0.507221
v -67.698631 7.696217 -2.447643
v -63.774048 7.696217 0.773182
v -61.997185 10.058400 -1.886074
v -64.314011 7.696217 0.936985
v -67.534836 7.696217 -2.987602
v -64.875549 7.696217 0.992290
v -62.840237 10.058400 -3.921410
v -65.437103 7.696217 0.936993
v -66.910904 7.696217 -3.921394
v -65.977081 7.696217 0.773201
v -64.875580 10.058400 -4.764462
v -66.474716 7.696217 0.507210
v -67.268867 7.696217 -3.485216
v -66.910889 7.696217 0.149242
v -62.840237 7.696217 -3.921410
v -63.276436 7.696217 -4.279354
v -63.774052 7.696217 -4.545368
v -64.314026 7.696217 -4.709160
v -64.875580 7.696217 -4.764462
v -65.437119 7.696217 -4.709152
v -65.977081 7.696217 -4.545349
v -66.474724 7.696217 -4.279360
v -66.910904 10.668000 -3.921394
v -67.753937 10.668000 -1.886097
v -66.910889 10.668000 0.149242
v -64.875549 10.668000 0.992290
v -62.840256 10.668000 0.149258
v -61.997185 10.668000 -1.886074
v -62.840237 10.668000 -3.921410
v -64.875580 10.668000 -4.764462
v -64.875565 12.192000 -1.886086
v -79.224968 0.000001 -41.002804
v -72.837509 0.000001 -33.533958
v -61.726612 0.000001 -42.907146
v -67.905861 0.000001 -50.594013
v -48.823296 5.486402 -17.383541
v 72.353210 3.657596 -72.245392
v 75.567429 3.657599 -69.072540
v 34.622711 3.657599 -109.499313
v 72.299324 3.657596 -72.299286
v -35.706100 3.657599 -108.556335
v -75.839973 3.657599 -68.169632
v 24.392899 3.657599 -116.915482
v 18.561806 3.657599 -119.481567
v 12.399174 3.657599 -121.288086
v -75.839973 1.219200 -68.169632
v 75.567436 0.914400 -69.072556
v 60.793617 3.657600 -50.724895
v 67.017708 0.916861 -45.453239
v 81.411018 0.914400 -63.228958
v -73.233650 -0.013903 -62.036503
v -73.212967 -0.013590 -62.340427
v -73.354836 -0.013157 -62.503189
v -73.517136 -0.013037 -62.361740
v -73.233612 0.011497 -62.036476
v -73.212921 0.011810 -62.340397
v -73.354790 0.012243 -62.503159
v -73.517090 0.012363 -62.361710
v -73.537552 -0.013351 -62.057514
v -73.679420 -0.012918 -62.220276
v -75.171417 -0.013157 -60.971565
v -73.537506 0.012049 -62.057487
v -73.679382 0.012482 -62.220249
v -75.333710 -0.013037 -60.830116
v -85.579529 0.048665 -75.737305
v -85.119995 0.048327 -76.137840
v -85.679672 0.048970 -75.852180
v -85.220123 0.048633 -76.252716
v -85.579575 0.023265 -75.737328
v -85.120033 0.022927 -76.137863
v -85.679710 0.023570 -75.852203
v -85.220169 0.023233 -76.252747
v -75.050186 0.011497 -60.504852
v -75.029503 0.011810 -60.808773
v -75.171371 0.012243 -60.971535
v -75.333664 0.012363 -60.830086
v -75.354126 -0.013351 -60.525890
v -75.496002 -0.012918 -60.688652
v -75.354088 0.012049 -60.525864
v -75.495956 0.012482 -60.688625
v -87.396103 0.048665 -74.205673
v -86.936569 0.048327 -74.606216
v -87.496246 0.048970 -74.320557
v -87.036697 0.048633 -74.721092
v -87.396149 0.023265 -74.205704
v -86.936615 0.022927 -74.606247
v -87.496292 0.023570 -74.320587
v -87.036743 0.023233 -74.721123
v 63.920952 -0.013903 -50.369507
v 64.224586 -0.013590 -50.394211
v 65.705414 -0.013903 -48.800587
v 66.009041 -0.013590 -48.825283
v 66.148933 -0.013157 -48.989746
v 65.984932 -0.013037 -49.129234
v 65.705391 0.011497 -48.800545
v 66.009010 0.011810 -48.825233
v 66.148903 0.012243 -48.989700
v 65.984909 0.012363 -49.129185
v 65.681053 -0.013351 -49.104244
v 65.820930 -0.012918 -49.268715
v 64.364456 -0.013157 -50.558674
v 65.681023 0.012049 -49.104195
v 65.820915 0.012482 -49.268658
v 64.200470 -0.013037 -50.698154
v 77.420403 0.048665 -63.044594
v 77.884758 0.048327 -62.649651
v 77.519127 0.048970 -63.160683
v 77.983498 0.048633 -62.765736
v 77.420418 0.023265 -63.044636
v 77.884789 0.022927 -62.649704
v 77.519157 0.023570 -63.160732
v 77.983513 0.023233 -62.765785
v 63.920937 0.011497 -50.369469
v 64.224556 0.011810 -50.394161
v 64.364449 0.012243 -50.558624
v 64.200455 0.012363 -50.698109
v 63.896591 -0.013351 -50.673161
v 64.036476 -0.012918 -50.837639
v 63.896576 0.012049 -50.673115
v 64.036446 0.012482 -50.837593
v 75.635948 0.048665 -64.613525
v 76.100304 0.048327 -64.218575
v 75.734680 0.048970 -64.729599
v 76.199028 0.048633 -64.334656
v 75.635963 0.023265 -64.613564
v 76.100327 0.022927 -64.218613
v 75.734695 0.023570 -64.729645
v 76.199051 0.023233 -64.334702
v -59.642620 7.620000 -11.775013
v -57.658531 7.620000 -13.437862
v -56.909664 6.824533 -14.065483
v -55.130779 5.300533 -15.556351
v -55.108288 4.572001 -19.200537
v -62.640030 4.572001 -19.136406
v -72.052979 4.572001 -11.334476
v -73.208229 6.096001 -4.118105
v -62.629505 7.620000 -9.271729
v -67.553528 7.620000 -5.144943
v -39.905815 0.914400 -24.766474
v -49.025307 5.486402 -17.216457
v -43.811745 2.916973 -21.532692
v -46.415668 4.252008 -19.376858
v -41.207809 1.581933 -23.688534
v -67.332420 10.058400 -2.903748
v -67.332413 10.058400 -0.868427
v -65.893219 10.058400 0.570766
v -63.857903 10.058400 0.570774
v -62.418720 10.058400 -0.868408
v -62.418713 10.058400 -2.903740
v -63.857910 10.058400 -4.342936
v -65.893242 10.058400 -4.342928
v -65.963882 11.051141 -2.974384
v -66.414658 11.051141 -1.886089
v -65.963875 11.051141 -0.797771
v -64.875557 11.051141 -0.346985
v -63.787262 11.051141 -0.797764
v -63.336464 11.051141 -1.886074
v -63.787254 11.051141 -2.974392
v -64.875572 11.051141 -3.425180
v -65.963882 7.696217 -2.974384
v -66.414658 7.696217 -1.886089
v -65.963875 7.696217 -0.797771
v -64.875557 7.696217 -0.346985
v -63.787262 7.696217 -0.797764
v -63.336464 7.696217 -1.886074
v -63.787254 7.696217 -2.974392
v -64.875572 7.696217 -3.425180
vn -0.7680 -0.0000 0.6404
vn -0.7684 0.0091 0.6399
vn 0.0070 1.0000 -0.0058
vn 0.0141 0.9998 -0.0117
vn -0.7687 0.0184 0.6394
vn 0.7071 -0.0000 0.7071
vn -0.7071 -0.0000 -0.7071
vn -0.0000 1.0000 -0.0000
vn 0.7071 -0.0000 -0.7071
vn 0.7003 -0.0000 0.7139
vn -0.7069 -0.0000 0.7073
vn -0.7070 -0.0000 0.7072
vn 0.7139 -0.0000 -0.7002
vn 0.7072 -0.0000 0.7070
vn -0.7071 -0.0000 0.7071
vn -0.0000 -0.0000 -1.0000
vn 0.7075 -0.0000 0.7067
vn -1.0000 -0.0000 -0.0000
vn 1.0000 -0.0000 -0.0000
vn -0.7075 -0.0000 0.7067
vn -0.6570 0.0021 -0.7539
vn -0.0000 -0.0000 1.0000
vn -0.0000 -1.0000 -0.0000
vn 0.7058 -0.0000 0.7084
vn 0.7058 -0.0000 -0.7084
vn -0.7058 -0.0000 0.7084
vn -0.7058 -0.0000 -0.7084
vn -0.7736 -0.0000 -0.6336
vn -0.0448 -0.0000 0.9990
vn 0.7095 -0.0000 0.7048
vn -0.0106 -0.0000 -0.9999
vn 0.6346 -0.0000 -0.7728
vn -0.4028 -0.0000 0.9153
vn 0.6546 -0.0000 0.7560
vn -0.5396 -0.0000 -0.8419
vn -0.7026 -0.0000 0.7116
vn -0.6459 -0.0000 -0.7634
vn -0.1620 -0.0000 0.9868
vn 0.7681 -0.0000 -0.6404
vn -0.4746 -0.0000 -0.8802
vn 0.4217 -0.0000 0.9067
vn 0.6312 -0.0000 0.7756
vn -0.7792 -0.0000 -0.6268
vn -0.5252 -0.0000 0.8510
vn 0.7802 -0.0000 -0.6255
vn -0.6586 -0.0000 0.7525
vn 0.3039 -0.0000 0.9527
vn 0.7093 -0.0000 0.7049
vn 0.4856 -0.0000 -0.8742
vn -0.7789 -0.0000 -0.6272
vn -0.7838 -0.0000 -0.6210
vn 0.7703 -0.0000 -0.6377
vn -0.2796 0.9334 -0.2251
vn -0.2808 0.9329 -0.2256
vn -0.2818 0.9324 -0.2264
vn -0.2827 0.9319 -0.2271
vn -0.2724 0.9314 -0.2413
vn -0.2797 0.9327 -0.2278
vn -0.2911 0.9313 -0.2189
vn -0.2834 0.9312 -0.2294
vn -0.2838 0.9309 -0.2298
vn -0.2840 0.9308 -0.2302
vn -1.0000 -0.0000 0.0081
vn -0.1820 0.9315 -0.3148
vn -0.0081 -0.0000 -1.0000
vn -0.0081 0.9354 -0.3535
vn -0.0096 0.9365 -0.3505
vn 0.0290 0.9392 -0.3420
vn 0.1793 0.9347 -0.3069
vn 0.2790 0.9335 -0.2251
vn 0.2790 0.9336 -0.2247
vn 0.2786 0.9338 -0.2245
vn 0.2727 0.9339 -0.2312
vn 0.2790 0.9328 -0.2281
vn 0.2798 0.9324 -0.2287
vn 0.2806 0.9320 -0.2294
vn 0.2814 0.9316 -0.2301
vn 0.2823 0.9311 -0.2308
vn 0.2888 0.9318 -0.2198
vn 0.2813 0.9316 -0.2303
vn 0.2820 0.9312 -0.2308
vn 0.2834 0.9306 -0.2316
vn -0.2713 0.9372 -0.2194
vn -0.2711 0.9372 -0.2193
vn -0.2459 0.9377 -0.2456
vn 0.2327 0.9536 -0.1909
vn -0.8458 -0.0000 0.5335
vn 0.2322 0.9538 -0.1905
vn -0.7712 -0.0000 0.6365
vn -0.6438 -0.0000 -0.7652
vn 0.6438 -0.0000 0.7652
vn -0.0075 0.9496 -0.3134
vn 0.6316 -0.0000 -0.7753
vn 0.7753 -0.0000 0.6316
vn -0.6348 -0.0008 0.7727
vn 0.6628 0.0194 -0.7486
vn -0.6316 -0.0000 0.7753
vn -0.7778 -0.0000 -0.6285
vn 0.7736 -0.0000 0.6336
vn 0.7736 0.0091 0.6336
vn -0.0071 1.0000 -0.0058
vn -0.0142 0.9998 -0.0116
vn 0.7735 0.0184 0.6335
vn -0.7682 0.0091 0.6401
vn -0.7684 0.0184 0.6397
vn -0.6336 -0.0000 0.7736
vn 0.6336 -0.0000 -0.7736
vn -0.6404 -0.0000 -0.7681
vn 0.6459 -0.0000 0.7634
vn 0.6313 0.0001 0.7756
vn -0.6312 -0.0000 -0.7756
vn -0.7681 -0.0000 0.6404
vn -0.0015 0.9472 -0.3207
vn 0.0193 0.9523 -0.3046
vn 0.8730 -0.0000 0.4877
vn 0.2361 0.9524 -0.1927
vn 0.2348 0.9528 -0.1926
vn 0.7762 -0.0000 -0.6305
vn 0.6594 -0.0000 0.7518
vn 0.7672 -0.0000 -0.6414
vn 0.6313 -0.0000 0.7755
vn 0.2361 0.9522 -0.1938
vn 0.8458 -0.0000 -0.5335
vn 1.0000 -0.0000 -0.0081
vn 0.2316 0.9541 -0.1900
vn 0.2308 0.9543 -0.1898
vn -0.0427 0.9944 -0.0963
vn 0.2320 0.9542 -0.1888
vn -0.7772 -0.0000 -0.6293
vn -0.6285 -0.0000 0.7778
vn 0.0003 1.0000 0.0002
vn 0.0002 1.0000 0.0002
vn -0.2706 0.9375 -0.2189
vn -0.2689 0.9376 -0.2205
vn 0.6285 -0.0000 -0.7778
vn 0.0004 1.0000 0.0005
vn 0.0005 1.0000 0.0003
vn -0.2703 0.9376 -0.2186
vn -0.2702 0.9377 -0.2186
vn -0.6313 -0.0000 0.7755
vn 0.6292 -0.0000 -0.7773
vn -0.7773 -0.0000 -0.6292
vn 0.7778 -0.0000 0.6285
vn -0.7778 -0.0003 -0.6285
vn -0.7778 -0.0006 -0.6285
vn -0.7775 -0.0000 -0.6289
vn -0.1999 0.9681 -0.1510
vn 0.1279 0.9830 -0.1320
vn -0.7025 -0.0000 0.7117
vn 0.7667 -0.0000 -0.6420
vn -0.6454 -0.0000 0.7638
vn 0.0850 0.9699 -0.2284
vn 0.5396 -0.0000 0.8419
vn -0.0979 0.9841 -0.1479
vn -0.7703 -0.0000 0.6377
vn 0.0712 -0.0000 0.9975
vn 0.1872 -0.0000 0.9823
vn -0.6381 -0.0000 -0.7700
vn 0.6465 -0.0000 0.7629
vn -0.7659 -0.0000 0.6429
vn 0.7761 -0.0000 -0.6305
vn -0.7043 -0.0000 0.7099
vn -0.2813 -0.0000 0.9596
vn 0.7083 -0.0000 0.7059
vn 0.3415 -0.0000 0.9399
vn 0.5724 -0.0000 0.8200
vn 0.4125 -0.0000 0.9110
vn 0.6621 -0.0000 0.7495
vn 0.4891 -0.0000 0.8722
vn 0.0823 -0.0000 0.9966
vn -0.3690 -0.0000 0.9294
vn -0.6609 -0.0000 0.7505
vn -0.4964 -0.0000 0.8681
vn -0.6422 -0.0000 0.7665
vn -0.5123 -0.0000 0.8588
vn -0.6231 -0.0000 0.7821
vn -0.1571 -0.0000 0.9876
vn -0.6038 -0.0000 0.7972
vn -0.5845 -0.0000 0.8114
vn -0.5655 -0.0000 0.8248
vn -0.6961 -0.0000 0.7180
vn -0.5470 -0.0000 0.8372
vn -0.6789 -0.0000 0.7342
vn -0.5292 -0.0000 0.8485
vn 0.2747 -0.0000 0.9615
vn 0.6423 0.0015 0.7664
vn 0.7706 -0.0000 -0.6374
vn -0.0269 0.9991 -0.0324
vn 0.0359 0.9984 0.0438
vn 0.6400 -0.0000 0.7684
vn -0.0361 0.9984 -0.0436
vn 0.0361 0.9984 0.0436
vn -0.6377 0.0001 -0.7703
vn -0.6377 -0.0000 -0.7703
vn -0.6400 -0.0000 -0.7684
vn -0.0023 0.9618 -0.2737
vn 0.0741 0.6903 -0.7197
vn -0.0766 0.7852 -0.6145
vn -0.1131 0.7985 -0.5912
vn 0.0392 0.9939 -0.1033
vn -0.1904 0.8341 -0.5178
vn -0.1292 0.9505 -0.2827
vn -0.1988 0.9666 -0.1619
vn -0.2775 0.9552 0.1030
vn -0.3536 -0.0000 -0.9354
vn -0.7812 -0.0000 0.6243
vn -0.8469 -0.0000 -0.5318
vn 0.6373 -0.0000 0.7706
vn -0.7735 -0.0003 -0.6338
vn -0.7712 -0.0126 -0.6365
vn -0.7739 -0.0000 -0.6333
vn -0.7742 -0.0000 -0.6329
vn -0.7735 -0.0000 -0.6338
vn -0.7696 -0.0000 -0.6386
vn -0.7731 -0.0000 -0.6343
vn -0.6315 -0.0000 0.7754
vn 0.6323 0.0044 -0.7747
vn 0.6338 -0.0000 -0.7735
vn 0.6339 -0.0000 -0.7734
vn 0.6333 -0.0000 -0.7739
vn -0.0017 0.9475 -0.3198
vn -0.7761 -0.0000 0.6305
vn 0.6518 -0.0000 -0.7584
vn -0.6518 -0.0000 0.7584
vn -0.7730 -0.0000 -0.6344
vn -0.6988 -0.0000 0.7153
vn 0.7766 -0.0000 0.6299
vn -0.7703 -0.0000 -0.6377
vn 0.6299 -0.0000 -0.7766
vn -0.5317 -0.0000 -0.8469
vn -0.8556 -0.0000 0.5177
vn 0.6519 -0.0000 -0.7583
vn 0.7814 -0.0000 0.6241
vn 0.5004 -0.0000 0.8658
vn -0.7305 -0.0000 -0.6829
vn -0.7536 -0.0000 -0.6573
vn 0.5335 -0.0000 0.8458
vn -0.1680 0.9434 -0.2859
vn -0.1818 0.9375 -0.2969
vn 0.2332 0.9534 -0.1916
vn -0.6323 -0.0000 -0.7747
vn 0.2389 0.9510 -0.1961
vn 0.2370 0.9516 -0.1955
vn -0.8730 -0.0000 -0.4877
vn -0.4877 -0.0000 0.8730
vn 0.4877 -0.0000 -0.8730
vn -0.5335 -0.0000 -0.8458
vn 0.0081 -0.0000 1.0000
vn -0.1793 0.9390 -0.2935
vn -0.0069 0.9482 -0.3176
vn 0.1543 0.9513 -0.2670
vn 0.1453 0.9532 -0.2650
vn 0.1541 0.9513 -0.2668
vn 0.0033 1.0000 0.0029
vn -0.7692 -0.0000 -0.6390
vn 0.6457 -0.0000 -0.7636
vn -0.7558 -0.0000 -0.6548
vn -0.6390 -0.0000 0.7692
vn -0.7636 -0.0000 -0.6457
vn -0.6515 -0.0000 0.7586
vn -0.6126 -0.0000 0.7904
vn -0.7708 -0.0000 -0.6371
vn -0.0600 0.9981 -0.0144
vn -0.0025 1.0000 -0.0007
vn 0.9995 -0.0000 0.0307
vn -0.0115 -0.0000 -0.9999
vn -0.0307 -0.0000 0.9995
vn -0.9999 -0.0000 -0.0119
vn -0.0119 -0.0000 0.9999
vn 0.9999 -0.0000 0.0119
vn -0.9999 -0.0000 -0.0138
vn -0.3969 0.9179 -0.0047
vn 0.3969 0.9179 0.0047
vn 0.9999 -0.0000 0.0138
vn -0.5153 -0.0000 0.8570
vn 0.3821 -0.0000 0.9241
vn 0.5460 -0.0000 -0.8378
vn -0.8570 -0.0000 -0.5153
vn -0.6251 -0.0000 -0.7806
vn -0.0001 1.0000 -0.0001
vn 0.8051 -0.0000 -0.5931
vn 0.7476 -0.0000 -0.6642
vn 0.8729 -0.0000 0.4878
vn 0.6318 -0.0000 0.7751
vn 0.4962 -0.0000 -0.8682
vn 0.0089 0.9999 -0.0100
vn -0.6241 -0.0000 -0.7814
vn 0.7830 -0.0098 -0.6220
vn -0.7812 0.0010 0.6243
vn 0.7713 -0.0000 -0.6365
vn -0.6454 -0.0000 -0.7639
vn -0.7663 -0.0000 0.6425
vn 0.6454 -0.0000 0.7639
vn -0.6288 0.0039 -0.7776
vn 0.1832 0.3683 -0.9115
vn -0.7183 -0.3916 0.5750
vn -0.4983 0.3570 -0.7901
vn 0.1553 -0.3630 0.9188
vn -0.7162 0.3660 -0.5942
vn 0.2846 0.9290 0.2366
vn 0.6417 0.0071 -0.7669
vn 0.8332 -0.0498 -0.5507
vn 0.1895 0.9348 0.3005
vn 0.4983 -0.3570 0.7901
vn 0.7152 -0.3661 0.5954
vn 0.8573 0.0764 -0.5091
vn 0.0460 0.9276 0.3708
vn 0.9997 -0.0210 -0.0138
vn -0.0088 0.3574 -0.9339
vn 0.0029 0.9335 0.3585
vn 0.0075 -0.3677 0.9299
vn 0.9990 0.0443 0.0111
vn -0.0075 0.3678 -0.9299
vn -0.0912 0.9273 0.3630
vn -0.2445 -0.3687 0.8968
vn 0.8818 -0.0468 0.4693
vn -0.1799 0.9294 0.3221
vn 0.8584 0.0680 0.5084
vn 0.4522 0.3745 -0.8095
vn -0.3203 0.9093 0.2658
vn 0.6965 0.3927 -0.6006
vn -0.4522 -0.3744 0.8095
vn -0.7761 -0.0000 0.6306
vn -0.6306 -0.0000 -0.7761
vn 0.7761 -0.0000 -0.6306
vn 0.6306 -0.0000 0.7761
vn -0.1799 0.9295 0.3221
vn -1.0000 -0.0000 0.0080
vn 1.0000 -0.0000 -0.0080
vn -0.8459 -0.0000 0.5334
vn 0.8459 -0.0000 -0.5334
vn -0.3442 0.8963 0.2797
vn 0.7703 -0.0000 0.6377
vn -0.6377 -0.0000 0.7703
vn 0.6377 -0.0000 -0.7703
vn 0.0008 1.0000 -0.0006
vn 0.7812 -0.0010 -0.6243
vn 0.6241 -0.0000 0.7814
vn 0.0007 1.0000 -0.0007
vn 0.6241 0.0001 0.7814
vn 0.8036 -0.0010 -0.5951
vn -0.6023 -0.0002 -0.7983
vn -0.6154 -0.0001 -0.7883
vn 0.7884 -0.0010 -0.6152
vn 0.6240 0.0001 0.7815
vn 0.0028 1.0000 0.0020
vn -0.0000 1.0000 0.0005
vn 0.6344 -0.0000 -0.7730
vn -0.0980 -0.0000 0.9952
vn 0.4714 -0.0000 -0.8819
vn 0.0980 -0.0000 0.9952
vn 0.2903 -0.0000 -0.9569
vn 0.2903 -0.0000 0.9569
vn 0.0980 -0.0000 -0.9952
vn 0.4714 -0.0000 0.8819
vn -0.8819 -0.0000 -0.4714
vn -0.0980 -0.0000 -0.9952
vn 0.6344 -0.0000 0.7730
vn -0.9569 -0.0000 -0.2903
vn -0.2903 -0.0000 -0.9569
vn 0.7730 -0.0000 0.6344
vn -0.9952 -0.0000 -0.0980
vn -0.4714 -0.0000 -0.8819
vn 0.8819 -0.0000 0.4714
vn -0.9952 -0.0000 0.0980
vn -0.6344 -0.0000 -0.7730
vn 0.9569 -0.0000 0.2903
vn -0.9569 -0.0000 0.2903
vn 0.9952 -0.0000 0.0980
vn -0.8819 -0.0000 0.4714
vn 0.9952 -0.0000 -0.0980
vn -0.7730 -0.0000 0.6344
vn 0.9569 -0.0000 -0.2903
vn -0.6344 -0.0000 0.7730
vn 0.8819 -0.0000 -0.4714
vn -0.4714 -0.0000 0.8819
vn 0.7730 -0.0000 -0.6344
vn -0.2903 -0.0000 0.9569
vn -0.3827 -0.0000 0.9239
vn -0.3827 -0.0000 -0.9239
vn -0.9239 -0.0000 0.3827
vn 0.3827 -0.0000 -0.9239
vn -0.9239 -0.0000 -0.3827
vn 0.9239 -0.0000 -0.3827
vn 0.9239 -0.0000 0.3827
vn 0.3827 -0.0000 0.9239
vn 0.5782 0.7800 -0.2395
vn 0.5782 0.7800 0.2395
vn 0.2395 0.7800 0.5782
vn -0.2395 0.7800 0.5782
vn 0.6450 -0.0000 0.7642
vn -0.6463 -0.0000 0.7631
vn 0.6463 -0.0000 -0.7631
vn -0.6570 0.0020 -0.7539
vn 0.9977 -0.0018 0.0679
vn -0.7538 0.0006 0.6571
vn 0.7538 -0.0005 -0.6571
vn 0.0017 1.0000 0.0011
vn -0.6571 0.0021 -0.7538
vn -0.0690 -0.0009 0.9976
vn 0.9977 -0.0017 0.0679
vn -0.7538 0.0005 0.6571
vn 0.6571 -0.0020 0.7538
vn 0.7538 -0.0006 -0.6571
vn 0.6571 -0.0018 0.7538
vn -0.6571 0.0020 -0.7538
vn 0.6478 0.0019 -0.7618
vn 0.6479 0.0021 -0.7617
vn 0.0811 -0.0018 0.9967
vn -0.7617 0.0003 -0.6479
vn 0.7617 -0.0003 0.6479
vn -0.0009 1.0000 0.0019
vn 0.6479 0.0022 -0.7618
vn -0.9968 -0.0010 0.0800
vn 0.0810 -0.0017 0.9967
vn -0.7617 0.0007 -0.6479
vn -0.6479 -0.0018 0.7618
vn 0.7618 -0.0006 0.6479
vn -0.7618 0.0004 -0.6479
vn -0.7617 0.0010 -0.6479
vn 0.7617 -0.0004 0.6479
vn 0.6479 0.0019 -0.7617
vn -0.9968 -0.0005 0.0800
vn -0.7618 0.0007 -0.6479
vn -0.6479 -0.0018 0.7617
vn 0.7618 -0.0002 0.6479
vn -0.7618 0.0006 -0.6479
vn 0.6479 0.0020 -0.7617
vn -0.7030 -0.0000 0.7112
vn -0.6247 0.6381 0.4501
vn -0.7013 -0.0000 -0.7128
vn -0.7758 -0.0000 0.6310
vn -0.1948 0.9529 -0.2324
vn -0.2400 0.9276 -0.2863
vn -0.1214 0.9409 -0.3161
vn 0.2321 0.9541 -0.1893
vn -0.3033 0.8815 -0.3619
vn -0.3825 0.8897 -0.2491
vn -0.2872 0.9394 -0.1870
vn 0.3178 0.7534 -0.5756
vn -0.2932 0.9248 -0.2423
vn -0.2382 0.9287 -0.2842
vn -0.6423 -0.0000 -0.7664
vn -0.1616 0.9470 -0.2775
vn -0.1831 0.9460 -0.2675
vn -0.1993 0.8549 -0.4789
vn -0.1707 0.8401 -0.5149
vn -0.2788 0.9167 -0.2861
vn 0.2395 0.7800 -0.5782
vn -0.2395 0.7800 -0.5782
vn -0.5782 0.7800 -0.2395
vn -0.5782 0.7800 0.2395
vt 0.000000 0.000000
vt 3.917610 42.115963
vt 7.087262 42.115963
vt 7.087243 -42.495960
vt 3.917607 -42.495960
vt 0.005556 1.000000
vt -0.000000 1.000000
vt 0.005556 0.000000
vt 0.015489 0.005556
vt 0.015489 0.000000
vt 0.020428 0.000000
vt 0.020482 0.005556
vt 0.010549 1.000000
vt 0.005556 1.000000
vt 0.005556 0.000000
vt 0.010549 0.000000
vt 0.015490 1.000000
vt 0.010550 1.000000
vt 0.010550 0.000000
vt 0.015490 0.000000
vt 0.005556 0.774078
vt 0.886906 0.117364
vt 0.872625 0.132052
vt 0.872176 0.131594
vt 0.886011 0.117365
vt 0.877322 0.107600
vt 0.877325 0.108517
vt 0.863490 0.122746
vt 0.863041 0.122289
vt -12.220386 3.076973
vt -12.299388 3.076973
vt -12.299397 3.064001
vt -12.220395 3.064001
vt -12.389997 2.314109
vt -12.389995 2.301137
vt -12.234442 2.301167
vt -12.234445 2.314139
vt -12.310394 2.327117
vt -12.469393 2.327117
vt -12.469394 2.314145
vt -12.310394 2.314145
vt -12.469393 2.314140
vt -12.469390 2.301167
vt -12.579464 2.365373
vt -12.689734 2.365373
vt -12.689734 2.255423
vt -12.469393 2.255424
vt -12.378392 3.076973
vt -12.378402 3.064001
vt -12.313843 2.327112
vt -12.313843 2.314140
vt -12.159090 3.064001
vt -12.268745 3.064001
vt -12.268745 3.051029
vt -12.159091 3.051029
vt -12.234274 2.327112
vt -12.234274 2.314140
vt -12.579466 2.145472
vt -12.689735 2.145472
vt -12.413355 2.390642
vt -12.413359 2.377670
vt -12.197309 2.377723
vt -12.197304 2.390695
vt -12.846733 3.002523
vt -12.846736 3.080355
vt -13.158066 3.080355
vt -13.158063 3.002523
vt -12.469391 2.390695
vt -12.469397 2.377723
vt -12.754114 3.053524
vt -12.754114 3.066497
vt -12.810280 3.066497
vt -12.810280 3.053524
vt -12.709024 3.132247
vt -12.709014 3.145219
vt -12.932715 3.145219
vt -12.932725 3.132247
vt -12.924567 2.613348
vt -12.924567 2.846847
vt -13.158066 2.613348
vt -13.158066 2.846847
vt -12.689741 2.845970
vt -12.923241 2.845970
vt -12.689741 2.612470
vt -12.923239 2.612469
vt -12.469395 2.507444
vt -12.469395 2.468527
vt -12.235898 2.468527
vt -12.235898 2.507444
vt -12.469395 2.223304
vt -12.469395 2.184388
vt -12.235937 2.184388
vt -12.235936 2.223304
vt -12.469395 2.429611
vt -12.235928 2.429611
vt -12.235928 2.468527
vt -12.469393 2.262220
vt -12.469393 2.223304
vt -12.235941 2.223304
vt -12.235941 2.262220
vt -13.157187 2.613349
vt -13.158068 2.379411
vt -12.924129 2.379411
vt -13.157184 2.145471
vt -12.924125 2.379409
vt -13.158066 2.379409
vt -12.469395 2.649514
vt -12.469396 2.610598
vt -12.235505 2.610598
vt -12.235504 2.649514
vt -12.469398 2.688431
vt -12.469397 2.649514
vt -12.235481 2.649514
vt -12.235481 2.688431
vt -12.923234 2.378970
vt -12.923238 2.145471
vt -12.689734 2.378969
vt -12.689734 2.145471
vt -12.923235 2.612470
vt -12.923240 2.378972
vt -12.689735 2.612470
vt -12.689735 2.378971
vt -12.235928 2.429611
vt -12.469395 2.429611
vt -12.469395 2.390695
vt -12.235927 2.390695
vt -12.235943 2.301137
vt -12.469393 2.301137
vt -12.235943 2.262220
vt -12.235894 2.546360
vt -12.469395 2.546360
vt -12.235894 2.507444
vt -12.235933 2.184388
vt -12.469393 2.184388
vt -12.469393 2.145472
vt -12.235933 2.145472
vt -12.923244 2.613349
vt -12.235515 2.585276
vt -12.469396 2.585276
vt -12.469396 2.546360
vt -12.235515 2.546360
vt -12.235458 2.727347
vt -12.469397 2.727347
vt -12.469397 2.688431
vt -12.235457 2.688431
vt 0.759881 0.213378
vt 0.763097 0.213595
vt 0.766185 0.214236
vt 0.769113 0.215272
vt 0.771855 0.216674
vt 0.774382 0.218414
vt 0.776666 0.220462
vt 0.778678 0.222789
vt 0.780390 0.225367
vt 0.781773 0.228167
vt 0.782799 0.231160
vt 0.783440 0.234317
vt 0.783667 0.237608
vt 0.783461 0.240901
vt 0.782841 0.244059
vt 0.781834 0.247055
vt 0.780469 0.249859
vt 0.778774 0.252443
vt 0.776777 0.254776
vt 0.774507 0.256831
vt 0.771991 0.258578
vt 0.769258 0.259989
vt 0.766336 0.261034
vt 0.763254 0.261684
vt 0.760038 0.261910
vt 0.756821 0.261694
vt 0.753734 0.261053
vt 0.750805 0.260017
vt 0.748063 0.258614
vt 0.745536 0.256875
vt 0.743253 0.254827
vt 0.741241 0.252499
vt 0.739529 0.249921
vt 0.738146 0.247121
vt 0.737120 0.244128
vt 0.736479 0.240972
vt 0.736252 0.237680
vt 0.736458 0.234388
vt 0.737078 0.231229
vt 0.738085 0.228233
vt 0.739450 0.225429
vt 0.741145 0.222846
vt 0.743141 0.220512
vt 0.745412 0.218457
vt 0.747927 0.216710
vt 0.750660 0.215300
vt 0.753582 0.214255
vt 0.756665 0.213605
vt 0.661054 0.339842
vt 0.660118 0.338856
vt 0.658858 0.337677
vt 0.657501 0.336526
vt 0.656074 0.335422
vt 0.654603 0.334379
vt 0.653113 0.333415
vt 0.651631 0.332545
vt 0.650182 0.331788
vt 0.648793 0.331158
vt 0.647489 0.330673
vt 0.646296 0.330350
vt 0.645240 0.330204
vt 0.645248 0.316351
vt 0.645257 0.302516
vt 0.645265 0.288691
vt 0.645274 0.274873
vt 0.645282 0.261054
vt 0.645291 0.247229
vt 0.645299 0.233394
vt 0.645308 0.219541
vt 0.645316 0.205667
vt 0.645324 0.191765
vt 0.645332 0.177829
vt 0.645340 0.163854
vt 0.648394 0.163504
vt 0.651420 0.162528
vt 0.654374 0.161020
vt 0.657208 0.159074
vt 0.659879 0.156785
vt 0.662341 0.154248
vt 0.664547 0.151557
vt 0.666453 0.148807
vt 0.668014 0.146092
vt 0.669183 0.143508
vt 0.669916 0.141148
vt 0.670166 0.139108
vt 0.832634 0.138277
vt 0.833107 0.139365
vt 0.833605 0.140517
vt 0.834137 0.141726
vt 0.834716 0.142982
vt 0.835351 0.144280
vt 0.836053 0.145611
vt 0.836834 0.146966
vt 0.837705 0.148339
vt 0.838675 0.149722
vt 0.839757 0.151107
vt 0.840961 0.152485
vt 0.842095 0.153644
vt 0.843233 0.154799
vt 0.844585 0.156025
vt 0.845943 0.157126
vt 0.847299 0.158112
vt 0.848644 0.158997
vt 0.849972 0.159790
vt 0.851276 0.160502
vt 0.852546 0.161146
vt 0.853777 0.161732
vt 0.854960 0.162271
vt 0.856088 0.162775
vt 0.857154 0.163254
vt 0.857121 0.329552
vt 0.855129 0.329818
vt 0.852827 0.330579
vt 0.850308 0.331788
vt 0.847663 0.333399
vt 0.844986 0.335363
vt 0.842368 0.337634
vt 0.839901 0.340166
vt 0.837677 0.342911
vt 0.835790 0.345822
vt 0.834330 0.348852
vt 0.833391 0.351954
vt 0.833064 0.355081
vt 0.819411 0.355157
vt 0.805796 0.355232
vt 0.792214 0.355307
vt 0.778659 0.355382
vt 0.765126 0.355457
vt 0.751609 0.355532
vt 0.738103 0.355607
vt 0.724603 0.355682
vt 0.711102 0.355757
vt 0.697596 0.355832
vt 0.684079 0.355907
vt 0.670546 0.355982
vt 0.670398 0.354902
vt 0.670076 0.353683
vt 0.669596 0.352350
vt 0.668975 0.350931
vt 0.668228 0.349452
vt 0.667371 0.347939
vt 0.666422 0.346419
vt 0.665396 0.344918
vt 0.664310 0.343463
vt 0.663180 0.342080
vt 0.662021 0.340795
vt 0.865661 0.124958
vt 0.864766 0.124959
vt 0.858476 0.118552
vt 0.858473 0.117636
vt 0.881668 0.112941
vt 0.865004 0.130079
vt 0.862473 0.130085
vt 0.861208 0.131385
vt 0.862481 0.132682
vt 0.832607 0.130131
vt 0.849190 0.130106
vt 0.854950 0.135974
vt 0.860306 0.130466
vt 0.864649 0.134890
vt 0.859293 0.140398
vt 0.865057 0.146271
vt 0.865112 0.163242
vt 0.862474 0.132674
vt 0.863747 0.133971
vt 0.865011 0.132671
vt 0.870004 0.129382
vt 0.865692 0.146916
vt 0.866482 0.147721
vt 0.871837 0.142213
vt 0.877193 0.136705
vt 0.882114 0.112482
vt 0.889229 0.105167
vt 0.890391 0.106375
vt 0.891632 0.107907
vt 0.892756 0.109540
vt 0.893769 0.111256
vt 0.894677 0.113039
vt 0.895487 0.114872
vt 0.896203 0.116738
vt 0.896833 0.118620
vt 0.897383 0.120501
vt 0.897858 0.122364
vt 0.898264 0.124191
vt 0.898608 0.125967
vt 0.898959 0.128593
vt 0.899061 0.131127
vt 0.898934 0.133569
vt 0.898599 0.135921
vt 0.898077 0.138184
vt 0.897389 0.140356
vt 0.896555 0.142440
vt 0.895596 0.144436
vt 0.894533 0.146345
vt 0.893386 0.148166
vt 0.892176 0.149902
vt 0.890925 0.151551
vt 0.889577 0.153121
vt 0.888131 0.154554
vt 0.886610 0.155858
vt 0.885035 0.157040
vt 0.883428 0.158108
vt 0.881810 0.159069
vt 0.880203 0.159930
vt 0.878630 0.160700
vt 0.877110 0.161385
vt 0.875667 0.161993
vt 0.874322 0.162531
vt 0.873097 0.163006
vt 0.865745 0.163242
vt 0.848554 0.129459
vt 0.832605 0.129483
vt 0.832800 0.121957
vt 0.833258 0.120700
vt 0.833778 0.119321
vt 0.834364 0.117841
vt 0.835026 0.116283
vt 0.835771 0.114668
vt 0.836605 0.113020
vt 0.837536 0.111359
vt 0.838571 0.109709
vt 0.839719 0.108091
vt 0.840985 0.106528
vt 0.842378 0.105042
vt 0.843905 0.103655
vt 0.845511 0.102365
vt 0.847201 0.101119
vt 0.848975 0.099936
vt 0.850834 0.098839
vt 0.852779 0.097848
vt 0.854811 0.096984
vt 0.856931 0.096269
vt 0.859138 0.095724
vt 0.861435 0.095370
vt 0.863821 0.095228
vt 0.866297 0.095320
vt 0.868863 0.095667
vt 0.870600 0.096011
vt 0.872387 0.096418
vt 0.874210 0.096895
vt 0.876050 0.097449
vt 0.877891 0.098084
vt 0.879718 0.098809
vt 0.881512 0.099629
vt 0.883259 0.100550
vt 0.884941 0.101578
vt 0.886541 0.102721
vt 0.888044 0.103984
vt 0.853118 0.123144
vt 0.847762 0.128652
vt 0.853567 0.123601
vt 0.848658 0.128650
vt 0.854948 0.135058
vt 0.859857 0.130009
vt 0.870007 0.130299
vt 0.876297 0.136706
vt 0.865098 0.135348
vt 0.860189 0.140397
vt 0.866479 0.146804
vt 0.871388 0.141755
vt 0.866076 0.460456
vt 0.865734 0.355032
vt 0.866709 0.460164
vt 0.542517 0.129921
vt 0.645232 0.130414
vt 0.542234 0.130570
vt 0.545659 0.123691
vt 0.544889 0.124833
vt 0.872780 0.456917
vt 0.871668 0.457710
vt 0.868505 0.459334
vt 0.863548 0.461623
vt 0.857056 0.464409
vt 0.849286 0.467525
vt 0.840498 0.470806
vt 0.830948 0.474084
vt 0.820896 0.477193
vt 0.810599 0.479966
vt 0.800315 0.482236
vt 0.790302 0.483836
vt 0.780819 0.484601
vt 0.774998 0.484798
vt 0.769663 0.484989
vt 0.764722 0.485157
vt 0.760081 0.485283
vt 0.755648 0.485349
vt 0.751332 0.485336
vt 0.747040 0.485227
vt 0.742680 0.485003
vt 0.738158 0.484647
vt 0.733384 0.484139
vt 0.728265 0.483462
vt 0.722708 0.482598
vt 0.716006 0.481376
vt 0.709425 0.479963
vt 0.702947 0.478361
vt 0.696552 0.476577
vt 0.690220 0.474613
vt 0.683933 0.472475
vt 0.677672 0.470167
vt 0.671416 0.467693
vt 0.665147 0.465059
vt 0.658846 0.462267
vt 0.652493 0.459324
vt 0.646070 0.456232
vt 0.641021 0.453483
vt 0.635338 0.449930
vt 0.629225 0.445771
vt 0.622887 0.441206
vt 0.616529 0.436433
vt 0.610356 0.431650
vt 0.604573 0.427056
vt 0.599386 0.422848
vt 0.594998 0.419227
vt 0.591615 0.416389
vt 0.589442 0.414533
vt 0.588887 0.414065
vt 0.588426 0.413498
vt 0.586603 0.411283
vt 0.583814 0.407834
vt 0.580255 0.403361
vt 0.576120 0.398071
vt 0.571603 0.392174
vt 0.566901 0.385879
vt 0.562207 0.379394
vt 0.557717 0.372929
vt 0.553625 0.366691
vt 0.550126 0.360891
vt 0.547415 0.355737
vt 0.544365 0.349177
vt 0.541458 0.342689
vt 0.538701 0.336253
vt 0.536097 0.329849
vt 0.533651 0.323458
vt 0.531366 0.317060
vt 0.529247 0.310635
vt 0.527298 0.304164
vt 0.525523 0.297627
vt 0.523928 0.291003
vt 0.522515 0.284275
vt 0.521290 0.277421
vt 0.520419 0.271737
vt 0.519733 0.266500
vt 0.519214 0.261616
vt 0.518844 0.256990
vt 0.518604 0.252528
vt 0.518477 0.248135
vt 0.518444 0.243718
vt 0.518487 0.239181
vt 0.518588 0.234430
vt 0.518728 0.229371
vt 0.518890 0.223909
vt 0.519054 0.217951
vt 0.519755 0.208241
vt 0.521271 0.197985
vt 0.523439 0.187448
vt 0.526099 0.176895
vt 0.529088 0.166591
vt 0.532245 0.156800
vt 0.535408 0.147789
vt 0.538416 0.139822
vt -10.801697 4.762614
vt 11.260460 4.762614
vt 11.260460 4.954623
vt -10.801697 4.954613
vt -1.015727 1.760951
vt -0.882045 1.760951
vt -0.717719 1.760951
vt -0.670316 1.760951
vt -0.610300 1.760951
vt -0.437790 1.760951
vt -0.324905 1.760951
vt -0.324905 1.835577
vt -1.015727 1.835577
vt -13.211367 4.762614
vt -10.801697 4.954623
vt -13.211367 4.954623
vt 11.013805 3.774117
vt 13.128046 3.774117
vt 13.128046 3.966126
vt 11.013805 3.966126
vt -11.017400 3.774117
vt 11.003205 3.774117
vt 11.003205 3.966126
vt -11.017400 3.966121
vt -1.857494 1.760951
vt -1.857494 1.835577
vt -13.211367 3.774117
vt -10.966866 3.774117
vt -10.966866 3.966126
vt -13.211367 3.966126
vt -3.221214 1.760950
vt -3.043834 1.760950
vt -2.369614 1.760951
vt -2.207796 1.760951
vt -3.221214 1.835577
vt 2.915681 1.947518
vt 2.587818 1.947518
vt 2.425615 1.947518
vt 1.748198 1.947518
vt 1.577096 1.947518
vt 1.577096 1.872891
vt 2.915681 1.872891
vt 10.975009 4.762614
vt 13.452584 4.762614
vt 13.452584 4.954623
vt 10.975009 4.954623
vt 3.800761 1.947518
vt 3.325842 1.947518
vt 3.169438 1.947518
vt 3.800761 1.872891
vt -0.324905 1.760951
vt 3.800760 1.760951
vt 3.800760 1.872891
vt -0.324905 1.872891
vt -0.160154 1.872891
vt -0.007221 1.872891
vt 0.691016 1.872891
vt 0.835636 1.872891
vt 1.452285 1.872891
vt -0.160154 1.947518
vt 0.867665 0.949907
vt 0.424444 0.948819
vt 0.380269 0.945023
vt 0.336550 0.934267
vt 0.293932 0.917177
vt 0.253061 0.894375
vt 0.214582 0.866486
vt 0.179141 0.834135
vt 0.147384 0.797945
vt 0.119956 0.758541
vt 0.097503 0.716546
vt 0.080671 0.672585
vt 0.070105 0.627282
vt 0.066452 0.581260
vt 0.066622 0.131287
vt 0.427815 0.997607
vt 0.375331 0.993172
vt 0.324066 0.980840
vt 0.274658 0.961277
vt 0.227743 0.935146
vt 0.183960 0.903115
vt 0.143945 0.865847
vt 0.108336 0.824009
vt 0.077770 0.778265
vt 0.052885 0.729281
vt 0.034318 0.677721
vt 0.022707 0.624252
vt 0.018688 0.569539
vt 0.018611 0.131360
vt 0.867826 0.999809
vt 0.066623 0.130639
vt 0.066627 0.119604
vt 0.851831 0.049681
vt 0.863730 0.049516
vt 0.875557 0.051062
vt 0.887110 0.054205
vt 0.898187 0.058834
vt 0.908588 0.064836
vt 0.918110 0.072100
vt 0.922331 0.076306
vt 0.926552 0.080512
vt 0.933712 0.089962
vt 0.939389 0.100337
vt 0.943382 0.111525
vt 0.945488 0.123413
vt 0.945507 0.135890
vt 0.875667 0.949927
vt 0.868298 0.949909
vt 0.018602 0.130711
vt 0.868460 0.999808
vt 0.905993 1.000000
vt 0.954784 0.041737
vt 0.957980 0.045063
vt 0.969059 0.056589
vt 0.978072 0.065966
vt 0.995427 0.124627
vt 0.992931 0.148944
vt 0.991778 0.160177
vt 0.986974 0.206979
vt 0.985710 0.219292
vt 0.968291 0.218133
vt 0.967564 0.225867
vt 0.952677 0.384334
vt 0.951947 0.392099
vt 0.968867 0.393773
vt 0.967914 0.402436
vt 0.963207 0.445239
vt 0.962103 0.455277
vt 0.956773 0.503743
vt 0.955605 0.514359
vt 0.926348 0.800750
vt 0.922411 0.839291
vt 0.911538 0.945722
vt 0.018602 0.085222
vt 0.050542 0.082096
vt 0.089538 0.078278
vt 0.359148 0.051882
vt 0.373353 0.050492
vt 0.484671 0.039594
vt 0.549402 0.033256
vt 0.559001 0.032317
vt 0.598695 0.028430
vt 0.610187 0.027305
vt 0.611474 0.042510
vt 0.619063 0.041794
vt 0.774546 0.027128
vt 0.782135 0.026412
vt 0.780475 0.010367
vt 0.792079 0.009042
vt 0.838021 0.003795
vt 0.849021 0.002539
vt 0.871257 0.000000
vt 0.931495 0.017509
vt 0.939106 0.025427
vt 0.950737 0.037528
vt -2.978986 1.611697
vt -2.978986 1.760950
vt 1.977469 1.760951
vt -3.875128 1.760951
vt -3.875128 1.611697
vt -3.705709 1.611697
vt -3.120500 1.611697
vt -15.692773 62.832664
vt -18.106068 62.822117
vt -18.080566 55.575302
vt -15.735085 55.575302
vt -15.726616 57.026787
vt -15.724668 58.107742
vt -15.709669 59.929691
vt -15.710583 60.516174
vt 0.523559 0.807564
vt 0.523559 0.388664
vt 0.712274 0.390929
vt 0.712380 0.807431
vt -29.260338 62.728519
vt -29.260242 55.575439
vt -27.840807 55.575439
vt -27.840807 62.728519
vt 0.746525 0.416006
vt 0.746525 -0.000000
vt 0.913189 0.002029
vt 0.913052 0.415918
vt -20.075605 62.728519
vt -20.078426 61.739731
vt -20.218252 55.575676
vt -18.106068 55.575249
vt -18.106068 62.735546
vt 0.215382 0.807563
vt 0.213292 0.451254
vt 0.429809 0.451253
vt 0.429809 0.807563
vt -26.525927 62.728519
vt -26.605570 56.723671
vt -25.036898 56.723671
vt -24.957207 62.728519
vt 0.341456 0.094943
vt 0.341455 0.451253
vt 0.154830 0.451253
vt 0.154830 0.094943
vt -23.393162 56.723671
vt -23.313471 62.728519
vt 0.525444 0.388664
vt 0.525444 0.032354
vt 0.712380 0.032354
vt 0.712380 0.388664
vt -12.895517 55.575302
vt -12.959051 62.723530
vt -15.616899 62.728058
vt -15.682303 56.564022
vt -15.692773 55.575302
vt 0.533680 0.451253
vt 0.533681 0.038064
vt 0.715783 0.038065
vt 0.715783 0.450201
vt -21.661631 62.728519
vt -21.661655 55.575439
vt -20.076294 55.575439
vt 0.154830 0.451254
vt 0.000000 0.451254
vt 0.002381 0.039377
vt 0.096993 0.039925
vt 21.266069 54.964787
vt 21.266069 51.948448
vt 21.669672 51.948448
vt 21.669672 54.964787
vt -0.006413 0.521435
vt 0.090923 0.070651
vt 0.354067 0.067054
vt 0.470460 0.535481
vt 19.248032 57.981121
vt 19.248032 54.964787
vt 19.651630 54.964787
vt 19.651630 57.981121
vt -9.197042 57.117664
vt -8.585025 57.074772
vt -12.346723 62.665947
vt 0.491905 0.881306
vt 0.593126 0.378606
vt 0.792009 0.374024
vt 0.938039 0.881306
vt -15.636360 56.099892
vt -15.145781 56.131710
vt -12.159146 62.366863
vt -12.668313 62.231857
vt 0.503155 0.522227
vt 0.031117 0.534309
vt 0.141282 0.061182
vt 0.414301 0.062958
vt 0.136739 0.582483
vt 0.000000 0.582878
vt 0.058784 0.213771
vt 0.136739 0.213195
vt -11.379742 55.602306
vt -11.379742 62.702991
vt -11.873960 62.710381
vt -11.873573 55.606380
vt 0.241713 0.582878
vt 0.241713 0.213416
vt 0.402780 0.212213
vt 0.402655 0.582400
vt -12.424085 55.602306
vt -12.437708 62.720051
vt -12.946033 61.598450
vt -12.982698 55.602306
vt 0.157148 0.951644
vt 0.151662 0.639848
vt 0.317864 0.639857
vt 0.317864 0.950221
vt -10.357042 55.602306
vt -10.357049 61.570770
vt -10.901652 61.579029
vt -10.901652 55.617764
vt 0.742888 0.309986
vt 0.742888 0.000000
vt 0.904296 0.000008
vt 0.904297 0.308557
vt -9.857161 55.602306
vt -9.857166 61.536217
vt -10.357042 61.543766
vt -10.357042 55.616486
vt 0.136756 0.582878
vt 0.136739 0.274677
vt 0.323744 0.274677
vt 0.321057 0.581237
vt -12.424085 62.633640
vt -12.424085 55.620537
vt -11.873960 55.602306
vt -11.903020 61.499054
vt -11.908677 62.624458
vt 0.012724 0.951644
vt 0.012726 0.586982
vt 0.151662 0.586991
vt 0.151662 0.950218
vt -10.901652 55.602306
vt -10.947345 62.587322
vt -11.377860 62.580723
vt 0.514109 0.588784
vt 0.740666 0.591116
vt 0.740129 0.643695
vt 0.739055 0.748851
vt 0.737981 0.854007
vt 0.736988 0.951235
vt 0.514109 0.951645
vt 0.425060 0.363001
vt 0.101521 0.363265
vt 0.101522 0.125609
vt 0.386384 0.125609
vt -12.959051 55.607952
vt -11.816643 55.602314
vt -11.816643 57.381577
vt -11.816643 59.160809
vt -11.816649 60.940044
vt -11.816649 62.719307
vt -12.959051 55.574738
vt -12.391865 55.780846
vt -12.275398 61.354866
vt -12.252518 62.858284
vt 17.007339 53.399895
vt 17.007339 55.686516
vt 8.242290 55.686516
vt 8.242290 53.399895
vt 17.744835 51.199810
vt 8.242279 51.199810
vt 8.242279 48.913204
vt 17.744835 48.913204
vt 0.266449 0.369129
vt 0.266454 0.611682
vt 0.082979 0.611498
vt 0.082979 0.369942
vt -11.018149 62.560871
vt -11.018149 55.603092
vt -10.388216 55.602577
vt -10.388237 62.555138
vt -10.790716 62.126282
vt -7.880277 58.049625
vt -7.260665 58.035736
vt -10.192303 62.132473
vt -30.241451 27.092625
vt -35.165867 27.092625
vt -10.664354 55.595131
vt -10.664354 60.268127
vt -11.053015 60.284748
vt -11.053015 55.608101
vt -12.561352 60.515358
vt -13.749418 55.581688
vt -13.194209 55.723351
vt -12.065631 60.615669
vt 0.514053 0.166047
vt 0.568501 0.166047
vt 0.564594 0.281651
vt 0.563831 0.303993
vt 0.514176 0.303425
vt 0.818758 0.166048
vt 0.818759 0.280968
vt -11.652966 62.437817
vt -12.290117 62.442841
vt -12.303115 58.505787
vt -12.312704 55.602577
vt -11.652966 55.602928
vt 0.366268 0.381316
vt 0.366273 0.625047
vt 0.182519 0.624858
vt 0.182519 0.382126
vt -10.367599 62.594147
vt -10.388216 59.320660
vt -10.367605 55.602982
vt -9.826996 55.602577
vt -9.826996 62.589256
vt -30.982464 16.724731
vt -32.891125 18.674292
vt -34.775269 20.598810
vt -35.165867 20.499699
vt -31.266203 16.447390
vt 0.462016 0.649286
vt 0.462016 0.707439
vt 0.462016 0.765593
vt 0.299261 0.765562
vt 0.297232 0.651380
vt 0.399174 0.650084
vt -12.421214 0.670054
vt -11.331082 0.670054
vt -11.331082 0.329946
vt -16.966854 0.329946
vt -16.966854 0.670054
vt -15.431618 0.670054
vt -11.966369 -0.026843
vt -4.994974 -0.026843
vt -4.994974 -0.042206
vt -4.994970 -0.303387
vt -11.966369 -0.303388
vt -7.258965 3.511515
vt -8.321968 3.508619
vt -8.321968 2.150026
vt -7.402119 2.150025
vt -10.406387 3.502939
vt -10.406387 2.150025
vt -11.191063 2.150027
vt -11.161205 3.500882
vt -11.176175 2.823599
vt -35.165867 26.712963
vt -32.792389 26.712963
vt -32.614925 26.712963
vt -30.241451 26.712963
vt -23.121078 26.713039
vt -20.747604 26.712963
vt -20.747604 27.092674
vt -23.121078 27.092674
vt -23.121078 26.713015
vt -25.494553 27.092703
vt -25.494553 26.712963
vt -9.856552 55.602314
vt -9.856559 57.390755
vt -9.856559 59.169991
vt -9.856552 60.949253
vt -10.376217 60.951160
vt -10.376217 59.171925
vt -10.376217 57.392662
vt -10.376217 55.604874
vt -11.083685 60.959332
vt -11.082711 59.180069
vt -11.081738 57.400833
vt -11.080756 55.603840
vt -10.376217 55.602314
vt -10.376224 57.386208
vt -10.376224 59.170097
vt -10.376217 60.953991
vt -10.376217 62.737911
vt -11.084659 62.738567
vt -27.868031 26.713121
vt -27.868031 27.092781
vt -30.241451 27.092781
vt -12.340717 20.330280
vt -11.023046 22.304375
vt -11.342564 22.517241
vt -12.658537 20.542007
vt -25.494553 27.092781
vt -14.072878 18.419094
vt -13.756968 18.208584
vt -12.439243 20.182678
vt -12.756956 20.394327
vt 0.655560 0.321113
vt 0.655560 0.082668
vt 0.807141 0.082791
vt 0.807142 0.142372
vt 0.807141 0.201952
vt 0.807142 0.261533
vt 0.807141 0.321113
vt -11.816643 62.743225
vt -11.816643 55.603920
vt -11.084652 55.602314
vt -11.084659 59.172417
vt -11.084659 62.742542
vt -15.276477 35.558620
vt -15.276541 35.474800
vt -15.276234 35.369244
vt -15.275928 35.263683
vt -15.163907 35.262554
vt -14.306299 35.255238
vt -14.276541 35.558620
vt -15.170774 34.856483
vt -14.344681 34.852074
vt -2.829573 -0.010161
vt -2.399493 -0.010161
vt -2.399492 0.078563
vt -2.399492 0.329946
vt -2.829573 0.329946
vt -8.482029 -0.010161
vt -7.871369 -0.010161
vt -7.871369 0.329946
vt -8.482029 0.329946
vt -2.829573 -0.010161
vt -5.798384 0.329947
vt -5.174132 0.329947
vt -5.174132 0.670053
vt -5.798384 0.670054
vt -6.420221 0.329947
vt -6.420221 0.670054
vt -11.413975 -0.010161
vt -10.873020 -0.010161
vt -10.873020 0.329946
vt -11.413975 0.329946
vt -3.375188 0.329947
vt -2.829573 0.670054
vt -3.375188 0.670054
vt -3.953706 0.329947
vt -3.953706 0.670054
vt -4.556297 0.329947
vt -4.556297 0.670054
vt -1.889693 0.329946
vt -2.408582 0.329946
vt -2.408582 -0.010161
vt -1.889692 -0.010161
vt -1.889693 0.211648
vt -9.705407 -0.010161
vt -9.096301 -0.010161
vt -9.096301 0.329946
vt -9.705407 0.329946
vt -10.300571 -0.010161
vt -10.300572 0.329946
vt -30.259132 22.959784
vt -30.049072 23.168806
vt -31.808941 24.937168
vt -32.028339 24.716175
vt -31.487671 24.179436
vt -31.586887 25.158373
vt -31.807562 25.379894
vt -32.250130 24.936398
vt -30.049820 23.169577
vt -29.604914 23.612701
vt -29.824684 23.833321
vt -30.046631 23.612223
vt -30.271976 23.392796
vt -31.143787 25.601393
vt -31.365789 25.824266
vt -31.808357 25.380745
vt -31.587685 25.159193
vt -31.365736 25.380293
vt -29.825481 23.834143
vt -29.603533 24.055241
vt -29.605762 23.613550
vt -29.161865 24.055746
vt -29.381584 24.276340
vt -30.924017 26.268614
vt -31.366585 25.825090
vt -31.144585 25.602242
vt -30.922638 25.823341
vt -30.700691 26.044436
vt -29.382380 24.277164
vt -29.160435 24.498260
vt -29.162663 24.056570
vt -28.718769 24.498764
vt -28.938484 24.719360
vt -30.479538 26.266359
vt -30.701487 26.045259
vt -30.257591 26.487455
vt -30.482244 26.712963
vt -30.703503 26.491199
vt -30.924812 26.269438
vt -28.719139 24.499166
vt -28.497190 24.720263
vt -33.622585 22.783939
vt -32.594437 23.291470
vt -31.566292 23.799002
vt -31.487408 24.179169
vt -33.897083 23.005117
vt -30.844707 23.063963
vt -30.503588 22.716471
vt -31.205500 23.431482
vt 0.763201 11.216279
vt -34.198929 21.691376
vt 1.255320 7.932689
vt 2.877887 8.949931
vt 0.907142 10.562203
vt 3.047062 11.104718
vt 2.833144 10.833612
vt 2.907673 10.780739
vt 3.069672 10.665794
vt 3.072032 10.880798
vt 2.927963 11.569703
vt 2.840254 11.805968
vt 2.373349 11.205467
vt 2.518221 11.088308
vt 2.997980 11.335152
vt 2.624508 12.274043
vt 2.502939 12.501057
vt 1.913577 11.577328
vt 2.058450 11.460165
vt 2.738017 12.041546
vt 2.376468 12.720184
vt 2.248351 12.929037
vt 2.121773 13.125203
vt 1.461453 11.970023
vt 1.728789 13.658978
vt 1.385062 14.038092
vt -0.470608 13.479510
vt -1.767377 16.406361
vt -2.140801 16.557364
vt -2.941141 14.608183
vt 0.541175 14.826780
vt 0.071601 15.211936
vt -0.409348 15.574683
vt -0.886353 15.902809
vt -1.344130 16.184105
vt -6.715930 10.665794
vt -2.449111 16.624907
vt -2.677010 16.596779
vt -2.958307 16.441576
vt -3.287512 16.208401
vt -3.652872 15.912670
vt -4.042689 15.569815
vt -4.445206 15.195250
vt -4.848706 14.804389
vt -5.241453 14.412646
vt -5.611693 14.035452
vt -5.947718 13.688223
vt -6.237804 13.386372
vt -6.470183 13.145320
vt -6.633165 12.980484
vt 45.145683 26.707920
vt 45.145683 31.294773
vt 8.873653 31.294773
vt 8.873653 26.707920
vt 151.882034 26.707920
vt 151.882034 31.294773
vt 75.430412 31.294773
vt 75.430412 26.707920
vt -12.120417 24.571732
vt -12.713587 23.689091
vt -12.836264 23.506531
vt -13.359364 22.728094
vt -13.472965 22.558994
vt -14.146559 21.556646
vt -14.282084 21.354923
vt -14.868299 20.482525
vt -15.010355 20.271143
vt -15.597578 19.397314
vt -15.740591 19.184525
vt -16.312578 18.333254
vt -16.449909 18.128956
vt -16.936218 17.405199
vt -16.425596 16.946520
vt -16.315392 17.111959
vt -15.238886 18.727779
vt -15.022564 19.052475
vt -12.292252 23.150623
vt -12.158108 23.351973
vt -11.585270 24.211788
vt -11.446665 24.419800
vt -11.993862 24.759253
vt 0.438235 0.869093
vt 0.082979 0.867509
vt 0.082979 0.478623
vt 0.335553 0.478172
vt -29.020714 22.179331
vt -30.014622 23.203098
vt -29.950230 22.152817
vt -29.796600 21.996296
vt -28.799242 20.980356
vt -28.620192 20.797983
vt -27.624371 19.783611
vt -27.443937 19.599804
vt -26.085651 18.216177
vt -25.790131 17.915133
vt -25.609005 17.730663
vt -24.263729 16.360277
vt -24.100706 16.194227
vt -23.717327 16.737368
vt -24.328281 17.364296
vt -24.500486 17.540964
vt -25.219576 18.278870
vt -25.414343 18.478735
vt -26.132473 19.215603
vt -26.322361 19.410479
vt -27.043570 20.150536
vt -27.217901 20.329378
vt -28.041405 21.174408
vt -28.233202 21.371248
vt -28.854029 22.008291
vt -6.035036 -0.303388
vt -6.035036 -0.044127
vt -6.035036 -0.026843
vt -2.392033 -0.026843
vt -2.392033 -0.303388
vt 4.781712 1.760951
vt 3.800761 1.760950
vt 3.800761 1.611697
vt 4.781712 1.611697
vt -11.043675 1.123658
vt -10.208684 1.123658
vt -10.333044 2.143115
vt -7.869446 1.123659
vt -7.991505 2.124251
vt -9.002211 2.132393
vt -6.876718 1.123660
vt -7.116039 2.117198
vt -0.545427 48.846275
vt 0.778512 53.605000
vt 0.157789 59.701954
vt -2.494836 59.528072
vt -3.167352 59.484009
vt -3.105592 56.877876
vt -2.316586 56.879169
vt -2.079967 54.065491
vt -3.167354 49.519356
vt 8.437059 58.505367
vt 6.691168 58.515339
vt 6.675957 57.982788
vt 6.604239 55.472145
vt 8.437064 55.472145
vt 6.497920 59.434048
vt 6.381272 63.530952
vt 3.869644 63.531193
vt 3.839603 59.434048
vt 0.786973 0.146471
vt 0.872370 0.506930
vt 0.481432 0.471920
vt 0.511033 0.141552
vt 0.820251 0.497763
vt 0.820251 0.827983
vt 0.557860 0.827991
vt 0.595810 0.503833
vt -11.652966 62.526264
vt -11.652966 55.602577
vt -11.037979 55.603199
vt -11.027887 59.226589
vt -11.018149 62.520451
vt -9.845525 56.496460
vt -9.196354 56.643410
vt -12.321748 62.693497
vt 0.377732 0.106653
vt 0.377732 0.345144
vt 0.091271 0.343574
vt 0.129874 0.107658
vt -23.110250 15.736134
vt -22.876307 15.627971
vt -21.640329 15.132530
vt -21.542498 15.689338
vt -21.374907 15.083561
vt -21.292202 15.668211
vt -20.235495 15.190289
vt -20.016678 15.210780
vt -18.983540 15.347844
vt -19.175177 15.938305
vt -18.695503 15.386064
vt -18.887775 15.974961
vt -17.548286 16.135092
vt -17.328888 16.293655
vt -12.959018 55.601452
vt -12.178932 55.581673
vt -12.178932 62.672092
vt 0.436504 0.089593
vt 0.438235 0.478172
vt 0.125089 0.478172
vt 0.206590 0.082667
vt -12.263323 62.686623
vt -12.959058 55.592369
vt -12.263323 55.572456
vt 0.563773 0.438297
vt 0.829959 0.447066
vt 0.829965 0.798302
vt 0.484482 0.798302
vt 0.553366 0.086216
vt 0.771613 0.082667
vt 0.834032 0.438297
vt 0.553366 0.438291
vt 17.384695 51.199810
vt 17.384695 53.093121
vt 17.384695 53.399895
vt 17.079601 53.399895
vt 8.095124 51.934685
vt 5.648203 51.934685
vt 5.752460 48.846275
vt 8.095124 48.873592
vt -7.407680 60.087078
vt -4.722719 60.066467
vt -4.722719 63.530094
vt -7.366311 63.530094
vt 3.700013 60.816582
vt 0.808903 60.841934
vt 0.778522 57.378433
vt 0.778522 52.128387
vt 0.778522 48.846275
vt 3.839614 48.846275
vt -11.806417 17.596916
vt -10.625441 16.806959
vt -9.022543 19.203289
vt -10.243179 19.981300
vt -9.594852 20.926529
vt -7.334130 24.222460
vt -8.359516 24.950836
vt -7.419703 26.261715
vt -8.065372 26.712963
vt -8.537882 26.027504
vt -10.177088 23.571692
vt -10.315903 23.363785
vt -10.889484 22.504475
vt 91.950775 26.707920
vt 91.950775 31.294773
vt -15.171571 34.809345
vt -14.346807 34.805313
vt -15.197849 16.049969
vt -15.356894 15.864252
vt -14.840961 15.192039
vt -17.634443 13.047865
vt -16.389977 11.782641
vt -14.650280 13.112229
vt -13.903908 14.204185
vt -14.190884 14.437094
vt -13.442389 15.401963
vt -13.185083 15.219034
vt -12.061598 16.775110
vt -12.265018 16.919710
vt -13.973555 17.884106
vt -21.970995 13.397826
vt -22.301607 12.652542
vt -21.591759 12.523094
vt -21.676376 13.366241
vt -18.150375 13.720052
vt -18.444412 13.690563
vt -18.359795 12.847416
vt -16.352499 10.261682
vt -15.636757 10.762589
vt -21.936810 10.416742
vt -20.902399 10.524080
vt -18.822693 10.739923
vt -17.730103 10.853338
vt -17.649466 9.537975
vt 7.991094 54.747997
vt 5.648203 54.649109
vt 5.699288 51.934685
vt 7.991094 51.934685
vt 8.722236 62.044739
vt 6.502699 61.992870
vt 6.497919 59.434113
vt 8.722235 59.434113
vt -43.610275 45.923508
vt -43.574013 44.185867
vt -41.757694 44.185867
vt -40.928440 44.185867
vt -40.928440 45.923508
vt -41.757694 48.460365
vt -43.646542 48.460365
vt -40.928440 48.460365
vt 0.778518 61.255665
vt 1.337294 60.841934
vt 3.548086 62.130325
vt 3.611531 63.880749
vt 0.778518 63.880749
vt 46.943127 22.939486
vt 46.944672 21.240313
vt 47.817638 21.240313
vt 47.793766 22.939383
vt -6.824884 60.066467
vt -7.407678 53.103466
vt -6.222022 48.846275
vt -3.167356 49.802704
vt -4.307858 53.571709
vt -4.204676 56.856102
vt -3.532202 56.806316
vt -3.167356 59.760288
vt -4.069955 59.834988
vt 44.147472 21.240364
vt 46.943127 21.240364
vt 44.147472 22.939486
vt 25.017982 21.238180
vt 29.004562 21.239077
vt 29.004562 22.939484
vt 25.017982 22.938585
vt 38.572330 21.239077
vt 43.202106 21.240135
vt 43.201698 22.939484
vt 38.571922 22.938425
vt 33.339600 21.239077
vt 33.339600 22.939484
vt 18.466358 21.238180
vt 18.466339 22.938585
vt 43.201778 21.240362
vt 44.147472 21.240362
vt 44.147472 22.939484
vt 33.340088 21.240135
vt -25.398525 14.026245
vt -26.034588 13.411390
vt -26.260090 13.190185
vt -25.136444 12.138176
vt -23.457636 11.373835
vt -24.065830 10.003344
vt -23.239033 9.604492
vt -22.662426 10.799749
vt 14.752284 21.238180
vt 14.752284 22.938585
vt 53.372448 21.239666
vt 53.372448 22.939383
vt 47.794987 21.239624
vt 18.466358 23.294725
vt 14.752284 23.294725
vt 15.187267 17.972166
vt 15.151283 17.972166
vt 15.151281 17.892607
vt 15.187265 17.892607
vt 5.648201 55.472145
vt 3.839607 55.465443
vt 3.839607 48.846275
vt 5.596709 48.852791
vt 5.620316 51.887363
vt 5.624559 52.432961
vt 15.324528 18.148001
vt 15.205266 18.148001
vt 15.205267 18.068441
vt 15.324528 18.068441
vt 14.925427 18.051775
vt 14.907372 18.051775
vt 14.507627 18.051775
vt 14.489090 18.051775
vt 14.489091 17.972216
vt 14.925428 17.972216
vt 15.387416 17.972166
vt 15.387414 17.892607
vt 14.950830 17.972166
vt 14.950828 17.892607
vt 15.440095 18.148001
vt 15.440095 18.068441
vt -47.990067 46.904331
vt -49.117271 46.904331
vt -49.128044 46.829967
vt -48.000832 46.829967
vt -51.036709 47.213043
vt -51.031414 47.142174
vt -50.579174 47.230145
vt -50.588341 47.300262
vt -49.437504 46.829967
vt -54.570747 46.085079
vt -54.570374 46.013168
vt -49.433540 46.757679
vt -55.856426 44.829834
vt -55.858032 44.758675
vt -49.865749 45.107925
vt -49.870476 45.178795
vt -51.292122 43.215511
vt -51.290703 43.144360
vt -50.024502 43.346386
vt -50.030640 43.417160
vt -46.080830 46.013168
vt -46.073551 45.942490
vt -56.330292 51.074219
vt -56.006416 49.157658
vt -52.467648 50.331020
vt -52.412636 52.363808
vt -49.138248 46.902069
vt -50.579174 46.902069
vt -50.569061 46.829967
vt -47.162209 51.743759
vt -47.217224 49.710960
vt -57.253506 43.634586
vt -57.258423 43.563622
vt -61.392780 44.758675
vt -61.400246 44.688000
vt -46.521008 51.577229
vt -45.669464 49.425903
vt -45.126133 49.436890
vt -45.159676 51.907410
vt -56.317928 44.928482
vt -56.324265 44.857708
vt -39.236855 52.004650
vt -39.203163 49.534176
vt -44.886433 44.688843
vt -44.895504 44.758675
vt -61.390987 46.013168
vt -61.400246 45.943150
vt -38.667263 49.387062
vt -37.964741 51.529274
vt -61.391079 46.829967
vt -61.400246 46.759949
vt -60.280212 46.489796
vt -60.274830 46.560944
vt -32.390377 52.356201
vt -37.969734 51.552696
vt -37.885609 49.391151
vt -32.306252 50.194656
vt -56.753262 46.901306
vt -56.753639 46.829967
vt -27.580980 50.411385
vt -27.929317 48.665798
vt -61.396275 47.300262
vt -61.400246 47.228638
vt 0.375000 0.000000
vt 0.625000 0.000000
vt 0.625000 0.250000
vt 0.375000 0.250000
vt 0.625000 0.500000
vt 0.375000 0.500000
vt 0.625000 0.750000
vt 0.375000 0.750000
vt 0.625000 1.000000
vt 0.375000 1.000000
vt 0.125000 0.500000
vt 0.125000 0.750000
vt 0.875000 0.500000
vt 0.875000 0.750000
vt 20.917660 57.981129
vt 20.917660 54.964787
vt 21.266069 57.981129
vt 21.669676 57.981129
vt 21.669676 54.964787
vt 22.018087 54.964787
vt 22.018087 57.981129
vt 22.770102 54.964787
vt 22.770102 51.948448
vt 23.118509 51.948448
vt 23.118509 54.964787
vt 22.714907 57.981129
vt 22.714907 54.964787
vt 23.063311 54.964787
vt 23.063311 57.981129
vt 22.250416 63.249321
vt 22.250416 64.375214
vt 20.749203 64.375214
vt 20.749203 63.249321
vt 22.018084 57.981129
vt 22.018084 54.964787
vt 22.366495 54.964787
vt 22.366495 57.981129
vt 22.421684 51.943012
vt 22.421684 48.926674
vt 22.770092 48.926678
vt 22.770092 51.943012
vt 19.248028 60.997463
vt 19.248028 57.981121
vt 19.596434 57.981121
vt 19.596434 60.997463
vt 23.751669 60.997463
vt 23.751669 62.123356
vt 22.250454 62.123356
vt 22.250494 60.997463
vt 22.073277 51.943012
vt 22.073277 48.926674
vt 22.421694 54.964787
vt 22.421694 51.948456
vt 22.770098 51.948456
vt 22.770098 54.964787
vt 20.055260 57.981129
vt 20.055260 54.964787
vt 20.403669 54.964787
vt 20.403673 57.986565
vt 20.403667 57.986565
vt 20.403667 54.964787
vt 20.752075 54.964787
vt 20.752075 57.981129
vt 22.250416 65.501106
vt 20.749241 65.501106
vt 20.749241 64.375214
vt 22.073277 54.964787
vt 22.073282 51.948448
vt 22.421694 51.948448
vt 22.421686 54.964787
vt 19.596436 60.997463
vt 19.596436 57.981121
vt 19.944841 57.981121
vt 19.944841 60.997463
vt 21.266073 57.981129
vt 21.266069 54.964794
vt 21.614481 54.964794
vt 21.614485 57.981129
vt 22.770092 51.943020
vt 23.118500 48.926678
vt 23.118500 51.943020
vt 19.248028 65.501106
vt 19.248028 64.375214
vt 19.248032 51.943012
vt 19.248032 48.926674
vt 19.651640 48.926674
vt 19.651640 51.948448
vt 20.055252 51.948448
vt 20.055252 48.926678
vt 20.458853 48.926678
vt 20.458853 51.943020
vt 23.751707 62.123356
vt 23.751669 63.249245
vt 22.250494 63.249245
vt 22.250494 62.123356
vt 19.248026 54.964787
vt 19.248026 51.948448
vt 19.651630 51.948448
vt 19.651638 54.964787
vt 21.669672 51.943012
vt 21.669670 48.926678
vt 22.073277 48.926678
vt 19.651640 54.964787
vt 20.055252 54.964787
vt 21.266064 51.943020
vt 21.266064 48.926678
vt 21.669670 51.943020
vt 23.751629 64.375214
vt 23.751629 65.501106
vt 20.458853 54.964787
vt 20.458853 51.948448
vt 20.862461 51.948448
vt 20.862461 54.964787
vt 20.055227 54.964787
vt 20.055227 57.981121
vt 19.651648 51.943012
vt 19.651648 48.926678
vt 20.055256 48.926678
vt 20.055256 51.948448
vt 20.458855 51.948448
vt 20.862457 48.926678
vt 20.862457 51.943020
vt 22.250454 60.997463
vt 22.250416 62.123356
vt 20.749241 62.123356
vt 20.749241 60.997463
vt 22.073282 54.964787
vt 20.458855 54.964787
vt 20.862457 51.943012
vt 20.862457 48.926674
vt 21.266064 48.926674
vt 21.266064 51.943012
vt 20.862465 54.964787
vt 20.862465 51.948448
vt 22.250454 63.249245
vt 20.749241 63.249245
vt 23.063309 57.981129
vt 23.408909 54.964787
vt 23.408899 57.981129
vt 23.118500 51.943012
vt 23.118515 48.926678
vt 23.464100 48.926678
vt 23.464088 51.943012
vt 21.266077 60.997471
vt 21.611668 57.981129
vt 21.611673 61.002903
vt 21.669672 61.002899
vt 21.669676 57.981121
vt 22.015274 57.981289
vt 22.015274 60.997631
vt 23.751669 63.249321
vt 22.250454 64.375214
vt 23.464096 51.943012
vt 23.464096 48.926678
vt 23.809698 48.926674
vt 23.809698 51.943050
vt 20.055250 61.003040
vt 20.055260 57.986664
vt 20.400846 57.986565
vt 20.400846 61.002903
vt 23.118515 54.964787
vt 23.118505 51.948448
vt 23.464106 51.948448
vt 23.464106 54.964787
vt 22.369312 60.997463
vt 22.369305 57.981129
vt 22.714907 57.981258
vt 22.714907 60.997601
vt 19.248066 62.123356
vt 23.406111 60.997471
vt 23.406122 57.981136
vt 23.751715 57.981129
vt 23.751709 60.997471
vt 23.060501 60.997463
vt 23.060526 57.981129
vt 23.406111 57.981129
vt 23.406092 60.997463
vt 20.920475 60.997463
vt 20.920469 57.981129
vt 21.266068 57.981129
vt 21.266069 61.002899
vt 22.018084 61.002899
vt 22.363682 57.981289
vt 22.363682 60.997631
vt 20.749241 62.123432
vt 20.749241 63.249321
vt 19.248066 63.249321
vt 19.248028 62.123432
vt 23.464100 54.964787
vt 23.809698 51.948448
vt 23.809692 54.964787
vt 20.406481 61.003059
vt 20.406487 57.986717
vt 20.752075 57.986557
vt 20.752075 61.002899
vt 23.408920 57.981129
vt 23.408915 54.964787
vt 23.754509 54.964787
vt 23.754515 57.981129
vt 22.714907 60.997471
vt 23.060503 57.981289
vt 23.060503 60.997631
vt 19.248028 63.249321
vt 6.604244 55.472145
vt 6.604244 59.433189
vt 3.839609 59.434113
vt 3.839607 55.473015
vt 47.793179 22.939384
vt 53.372452 22.939384
vt 53.372452 23.473074
vt 47.793179 23.473074
vt 18.466358 22.938585
vt 22.342525 22.938585
vt 22.342525 23.294725
vt 10.855000 22.938585
vt 14.752304 22.938585
vt 14.752304 23.294685
vt 10.855000 23.294685
vt 12.183571 21.238220
vt 14.752346 21.238220
vt 12.183510 22.938585
vt -0.427753 63.473423
vt -3.167352 63.472435
vt -3.167240 60.707855
vt -3.167352 59.747734
vt -1.914310 59.701954
vt -1.867182 61.410412
vt -0.450793 61.394424
vt 54.274380 21.239662
vt 55.452522 21.239662
vt 55.452705 22.939379
vt 54.274563 22.939379
vt 55.453835 21.239662
vt 57.059723 21.239662
vt 57.058582 22.939379
vt 58.389252 21.240555
vt 60.341770 21.240555
vt 60.341324 22.939379
vt 58.388805 22.939379
vt 57.058430 21.240553
vt 58.388653 21.240553
vt 58.388805 22.939377
vt 57.058582 22.939377
vt 53.371307 21.239664
vt 54.273418 21.239664
vt 54.274559 22.939381
vt 53.372448 22.939381
vt -25.067913 14.771529
vt -25.287258 14.922291
vt -26.858036 16.490307
vt -27.046650 16.680193
vt -28.228848 15.807451
vt -28.553089 15.495736
vt -27.274488 14.151100
vt -26.961075 14.453287
vt -28.714785 18.348198
vt -28.890818 18.524998
vt -29.468113 17.938332
vt -29.561649 18.031071
vt -30.376343 15.522705
vt -29.666916 16.189981
vt -29.212406 15.706566
vt -28.620241 16.245375
vt -7.659892 34.223667
vt -7.816021 33.989994
vt -7.923578 33.730347
vt -7.978409 33.454689
vt -7.978413 33.173634
vt -7.923586 32.897980
vt -7.816032 32.638317
vt -7.659884 32.404633
vt -7.461155 32.205894
vt -7.227467 32.049747
vt -6.967803 31.942198
vt -6.692148 31.887375
vt -6.411096 31.887375
vt -6.135446 31.942209
vt -5.875799 32.049747
vt -5.642114 32.205894
vt -5.443379 32.404621
vt -5.287237 32.638317
vt -5.179678 32.897968
vt -5.124848 33.173622
vt -5.124845 33.454678
vt -5.179672 33.730335
vt -5.287238 33.989983
vt -5.443372 34.223679
vt -5.642115 34.422405
vt -5.875790 34.578556
vt -6.135454 34.686104
vt -6.411108 34.740940
vt -6.692161 34.740940
vt -6.967810 34.686104
vt -7.227472 34.578556
vt -7.461158 34.422405
vt -7.485066 34.892754
vt -7.744721 34.892754
vt -7.744721 34.854794
vt -7.485066 34.854794
vt -5.960644 34.854794
vt -6.159384 34.854794
vt -6.159384 34.816845
vt -5.960644 34.816845
vt -7.978413 34.892754
vt -7.978413 34.854794
vt -6.393071 34.854794
vt -6.393071 34.816845
vt -5.761905 34.778889
vt -5.960644 34.778889
vt -5.960644 34.740940
vt -5.761905 34.740940
vt -6.652728 34.854794
vt -6.652728 34.816845
vt -7.286350 34.778889
vt -7.546008 34.778889
vt -7.546008 34.740940
vt -7.286350 34.740940
vt -6.194333 34.778889
vt -6.194333 34.740940
vt -6.928363 34.854794
vt -6.928363 34.816845
vt -7.779677 34.778889
vt -7.779677 34.740940
vt -6.453992 34.778889
vt -6.453992 34.740940
vt -7.209415 34.854794
vt -7.209415 34.816845
vt -7.978412 34.778889
vt -7.978412 34.740940
vt -6.729644 34.778889
vt -6.729644 34.740940
vt -7.485068 34.854794
vt -7.485068 34.816845
vt -5.960631 34.816845
vt -6.159364 34.816845
vt -6.159364 34.778889
vt -5.960631 34.778889
vt -7.010698 34.778889
vt -7.010698 34.740940
vt -7.744726 34.854794
vt -7.744726 34.816845
vt -6.393052 34.816845
vt -6.393052 34.778889
vt -7.978413 34.816845
vt -6.652712 34.816845
vt -6.652712 34.778889
vt -6.159363 34.892754
vt -6.393049 34.892754
vt -6.393049 34.854794
vt -6.159363 34.854794
vt -6.928365 34.816845
vt -6.928365 34.778889
vt -6.652707 34.892754
vt -6.652707 34.854794
vt -7.209417 34.816845
vt -7.209417 34.778889
vt -6.928362 34.892754
vt -6.928362 34.854794
vt -7.485069 34.816845
vt -7.485069 34.778889
vt -7.209411 34.892754
vt -7.209411 34.854794
vt -7.744727 34.816845
vt -7.744727 34.778889
vt -7.978413 34.778889
vt -18.007383 29.206293
vt -17.375530 29.206293
vt -16.743671 29.206293
vt -16.743671 29.948082
vt -18.007383 29.948082
vt -10.642029 29.206293
vt -9.748459 29.206293
vt -8.854895 29.206293
vt -8.854895 29.948082
vt -10.642029 29.948082
vt -7.591206 29.206308
vt -6.697636 29.206308
vt -5.804067 29.206308
vt -5.804067 29.948082
vt -7.591206 29.948082
vt -11.905732 29.206293
vt -11.273883 29.206293
vt -11.905732 29.948082
vt -8.854895 29.206308
vt -8.223055 29.206308
vt -13.692869 29.206308
vt -12.799296 29.206308
vt -11.905732 29.206308
vt -13.692869 29.948082
vt -14.956570 29.206299
vt -14.324718 29.206308
vt -14.956570 29.948082
vt -15.850120 29.206293
vt -14.956570 29.206293
vt -21.581944 39.612679
vt -20.855455 38.405109
vt -21.757401 39.008892
vt -21.932858 38.405109
vt -20.977791 36.578125
vt -20.022734 37.201603
vt -20.022734 36.703091
vt -20.022734 37.700119
vt -20.302467 38.052605
vt -20.582191 38.405109
vt -20.977791 38.405109
vt -21.373392 38.405109
vt -15.239551 34.040188
vt -15.239551 33.001942
vt -16.275217 33.001942
vt -16.275217 34.040188
vt -2.024662 1.611697
vt -0.383512 1.611697
vt -0.174082 1.611697
vt -12.159924 3.115887
vt -12.269578 3.115887
vt -12.269579 3.102914
vt -12.159925 3.102914
vt -12.810266 2.897857
vt -12.810282 2.884885
vt -12.691194 2.884885
vt -12.691177 2.897857
vt -12.937977 3.145273
vt -13.158068 3.145273
vt -13.158066 3.132301
vt -12.937978 3.132301
vt -12.810281 2.949746
vt -12.810277 2.936774
vt -12.700406 2.936774
vt -12.700409 2.949746
vt -12.579669 2.365376
vt -12.469398 2.365374
vt -12.469396 2.475324
vt -12.689736 2.475326
vt -12.379236 3.115887
vt -12.379237 3.102914
vt -13.042871 3.145219
vt -13.042871 3.132247
vt -12.810266 2.884885
vt -12.810283 2.871913
vt -12.691194 2.871913
vt -12.691177 2.884885
vt -12.932728 3.145219
vt -12.932727 3.132247
vt -12.579666 2.585277
vt -12.689735 3.128859
vt -12.689734 3.115887
vt -12.379578 3.115887
vt -12.379580 3.128859
vt -12.378404 3.025079
vt -12.378405 3.102911
vt -12.689735 3.102911
vt -12.689734 3.025082
vt -12.732728 3.027580
vt -12.732728 3.040552
vt -12.810281 3.040552
vt -12.810279 3.027580
vt -12.732536 2.949746
vt -12.732535 2.962718
vt -12.810282 2.962718
vt -12.847569 3.106302
vt -12.847569 3.119275
vt -13.158065 3.119275
vt -13.158066 3.106302
vt -12.249303 2.366097
vt -12.469395 2.366097
vt -12.469394 2.353125
vt -12.249304 2.353125
vt -12.810281 2.936774
vt -12.810279 2.923802
vt -12.700406 2.923802
vt -12.700408 2.936774
vt -12.579667 2.585277
vt -12.469398 2.585277
vt -12.469397 2.695227
vt -12.689735 2.695226
vt -12.378403 3.064001
vt -12.378404 3.051029
vt -12.354199 2.366043
vt -12.354198 2.353071
vt -12.244054 2.366043
vt -12.244053 2.353071
vt -12.579667 2.805178
vt -12.469397 2.805179
vt -13.158066 3.132247
vt -12.847909 3.119275
vt -12.847911 3.132247
vt -12.846736 2.924687
vt -12.846739 3.002521
vt -13.158068 3.002521
vt -13.158067 2.924693
vt -12.732734 3.040552
vt -12.732734 3.053524
vt -12.810286 3.053524
vt -12.810284 3.040552
vt -12.732534 2.975691
vt -12.810280 2.975691
vt -12.810280 2.962718
vt -12.379238 3.102914
vt -12.379237 3.115887
vt -12.689734 3.115887
vt -12.689735 3.102914
vt -12.158955 3.038056
vt -12.268679 3.038055
vt -12.268675 3.025083
vt -12.158951 3.025084
vt -12.158958 3.051029
vt -12.268682 3.051028
vt -12.268682 3.038056
vt -12.158958 3.038057
vt -12.359339 2.353071
vt -12.359337 2.340099
vt -12.242645 2.340094
vt -12.242643 2.353066
vt -12.159865 3.128859
vt -12.159868 3.115887
vt -12.469391 2.353066
vt -12.469388 2.340094
vt -12.579468 3.025080
vt -12.689732 3.025080
vt -12.689735 2.915128
vt -12.469398 2.915130
vt -12.378407 3.051028
vt -12.378403 3.038056
vt -12.689757 2.858940
vt -12.810279 2.858940
vt -12.810257 2.845968
vt -12.689735 2.845968
vt -12.359329 2.340094
vt -12.359326 2.327122
vt -12.242643 2.327117
vt -12.242638 2.340089
vt -12.700325 2.923802
vt -12.810284 2.923802
vt -12.810282 2.910830
vt -12.700328 2.910830
vt -12.579464 2.805178
vt -12.689733 2.805178
vt -12.689736 3.141831
vt -12.689741 3.128859
vt -12.380004 3.128859
vt -12.380003 3.141831
vt -12.846735 2.846842
vt -12.846732 2.924676
vt -13.158067 2.924676
vt -13.158065 2.846849
vt -12.732601 2.975691
vt -12.732599 2.988663
vt -12.810284 2.988663
vt -12.810282 2.975691
vt -12.732672 3.001635
vt -12.732670 3.014607
vt -12.810284 3.014607
vt -12.810282 3.001635
vt -12.847378 3.080357
vt -12.847378 3.093329
vt -13.158066 3.093328
vt -13.158066 3.080355
vt -12.160288 3.141831
vt -12.379997 3.141831
vt -12.379992 3.128859
vt -12.160286 3.128859
vt -12.469384 2.340089
vt -12.469386 2.327117
vt -12.359128 3.025084
vt -12.469397 3.025083
vt -12.469398 2.915138
vt -12.249064 2.915145
vt -12.378403 3.038055
vt -12.378403 3.025083
vt -12.689756 2.871912
vt -12.810278 2.871912
vt -12.810264 2.858940
vt -12.689742 2.858940
vt -12.700332 2.910830
vt -12.810286 2.910830
vt -12.810287 2.897857
vt -12.700330 2.897857
vt -12.359124 2.805191
vt -12.469398 2.805182
vt -12.469398 2.610598
vt -12.469398 2.597626
vt -12.159666 2.597626
vt -12.159661 2.610598
vt -12.158072 2.727346
vt -12.158070 2.805179
vt -12.469402 2.805179
vt -12.469398 2.727351
vt -12.732611 2.988663
vt -12.732609 3.001635
vt -12.810285 3.001635
vt -12.810283 2.988663
vt -12.732678 3.014607
vt -12.732679 3.027580
vt -12.810282 3.027580
vt -12.810280 3.014607
vt -12.847378 3.093330
vt -12.847378 3.106302
vt -13.158066 3.106301
vt -13.158062 3.093329
vt 134.774963 31.294773
vt 134.283905 26.707920
vt 165.543854 31.294773
vt 165.052780 26.707920
vt -5.101328 11.498207
vt -2.144947 11.238990
vt -1.130379 11.755255
vt -0.115819 12.271521
vt -5.099051 12.271521
vt -1.333209 7.843439
vt -0.590960 7.843439
vt -1.027653 11.238990
vt -0.067548 7.843439
vt 0.455865 7.843439
vt 2.084578 7.973567
vt 2.913828 8.014448
vt -4.932643 8.886855
vt -4.763952 7.843439
vt -3.419704 7.843439
vt -3.064495 10.584644
vt -5.101328 9.930302
vt -2.075457 7.843439
vt 2.841938 9.885386
vt 0.724960 0.000000
vt 0.764907 0.000000
vt 0.804853 0.000000
vt 0.806254 0.010396
vt 0.807654 0.020792
vt 0.984104 14.431431
vt 1.999963 13.306297
vt -21.231266 40.024628
vt -20.880589 40.436596
vt -20.560114 40.415417
vt -20.239632 40.394249
vt -21.932850 37.201572
vt -21.932858 36.703075
vt -21.932850 37.700089
vt -21.653124 38.052593
s 0
usemtl PlaceHolder
f 828/1/8 624/1/8 670/1/8 827/1/8
f 819/1/8 820/1/8 827/1/8 670/1/8 636/1/8
f 869/1/140 663/1/140 871/1/140
f 868/1/141 870/1/141 865/1/141
f 867/1/142 672/1/142 872/1/142 873/1/142
f 867/1/141 873/1/141 868/1/141
f 672/1/140 869/1/140 872/1/140
f 865/1/98 889/1/98 874/1/98 663/1/98
f 870/1/146 868/1/146 890/1/146 891/1/146 869/1/146 871/1/146
f 63/1/150 55/1/150 59/1/150 58/1/150
f 920/1/155 522/1/155 1706/1/155 945/1/155 946/1/155
f 66/1/158 65/1/158 60/1/158 62/1/158 56/1/158
f 64/1/159 63/1/159 58/1/159 61/1/159
f 65/1/160 64/1/160 61/1/160 60/1/160
f 56/1/161 62/1/161 59/1/161 1086/1/161
f 58/1/8 59/1/8 62/1/8 60/1/8 61/1/8
f 901/1/162 950/1/162 947/1/162 902/1/162
f 932/1/164 955/1/164 951/1/164 946/1/164
f 927/1/165 769/1/165 734/1/165 928/1/165
f 930/1/166 727/1/166 726/1/166 931/1/166
f 928/1/167 734/1/167 732/1/167 929/1/167
f 931/1/168 726/1/168 724/1/168 932/1/168
f 929/1/169 732/1/169 727/1/169 930/1/169
f 926/1/170 921/1/170 722/1/170 720/1/170
f 972/1/171 717/1/171 949/1/171 971/1/171 958/1/171 957/1/171
f 904/1/172 960/1/172 961/1/172 905/1/172
f 948/1/173 970/1/173 971/1/173 949/1/173
f 905/1/174 961/1/174 962/1/174 906/1/174
f 948/1/175 912/1/175 968/1/175 970/1/175
f 906/1/176 962/1/176 963/1/176 907/1/176
f 717/1/177 972/1/177 969/1/177 921/1/177
f 907/1/178 963/1/178 964/1/178 908/1/178
f 908/1/179 964/1/179 965/1/179 909/1/179
f 909/1/180 965/1/180 966/1/180 910/1/180
f 902/1/181 947/1/181 959/1/181 903/1/181
f 910/1/182 966/1/182 967/1/182 911/1/182
f 903/1/183 959/1/183 960/1/183 904/1/183
f 912/1/184 911/1/184 967/1/184 968/1/184
f 926/1/185 956/1/185 769/1/185 927/1/185
f 984/1/190 991/1/190 1047/1/190
f 975/1/190 989/1/190 1048/1/190
f 1054/1/190 985/1/190 990/1/190
f 661/1/193 997/1/193 1016/1/193 987/1/193
f 992/1/194 997/1/194 996/1/194
f 1011/1/52 1044/1/52 1045/1/52 1012/1/52
f 1005/1/52 989/1/52 1028/1/52 1039/1/52
f 1006/1/52 1005/1/52 1039/1/52 1040/1/52
f 1012/1/52 1045/1/52 1034/1/52 999/1/52
f 1046/1/150 1049/1/150 1024/1/150 1063/1/150 1027/1/150
f 1001/1/52 991/1/52 1030/1/52 1035/1/52
f 1003/1/52 1037/1/52 1033/1/52 997/1/52
f 990/1/52 1029/1/52 1042/1/52 1009/1/52
f 990/1/195 1020/1/195 1048/1/195 975/1/195 1029/1/195
f 1001/1/52 1035/1/52 1036/1/52 1002/1/52
f 1009/1/52 1042/1/52 1043/1/52 1010/1/52
f 1004/1/52 1038/1/52 1037/1/52 1003/1/52
f 1008/1/52 1041/1/52 1032/1/52 996/1/52
f 1047/1/190 1018/1021/190 989/1020/190 1028/1/190 984/1/190
f 995/1/52 1031/1/52 1041/1/52 1008/1/52
f 986/1/150 1024/1/150 1049/1/150 5/1/150 1050/1/150
f 1000/1/187 1052/1/187 1051/1/187 987/1/187
f 1054/1/190 1022/1044/190 1053/1043/190 988/1042/190 1055/1/190 985/1/190
f 34/1/200 33/1/200 35/1/200
f 987/1/208 661/1/208 1696/1/208 1800/1/208
f 1067/1/8 1070/1/8 1068/1/8 1069/1/8 1077/1/8
f 1065/1/209 1079/1/209 1069/1/209 1068/1/209 554/1/209 1066/1/209
f 828/1/210 827/1/210 820/1/210 1070/1/210 1067/1/210 1080/1/210
f 623/1/211 670/1/211 624/1/211 671/1/211
f 623/1/212 1071/1/212 636/1/212 670/1/212
f 636/1/9 819/1/9 1072/1/9 1071/1/9
f 1068/1/213 1069/1/213 1076/1/213 1075/1/213
f 827/1/214 1073/1/214 826/1/214 820/1/214
f 820/1/129 826/1/129 1072/1/129 819/1/129
f 827/1/215 828/1/215 1074/1/215 1073/1/215
f 1079/1/216 1077/1/216 1069/1/216
f 624/1/217 1078/1/217 1080/1/217 828/1/217
f 1065/1/218 555/1/218 1079/1/218
f 1066/1/8 553/1/8 555/1/8 1065/1/8
f 1080/1/219 1067/1/219 1077/1/219
f 1078/1/220 671/1/220 624/1/220
f 1083/1/7 1081/1/7 1088/1/7 1089/1/7
f 1088/1/222 1091/1/222 66/1/222 57/1/222 55/1/222 1087/1/222 1086/1/222 56/1/222 1089/1/222
f 1096/1/223 976/1/223 1105/1/223 1104/1/223
f 1104/1/224 1106/1/224 1115/1/224 1116/1/224
f 1098/1/225 1111/1/225 1112/1/225 1099/1/225
f 1092/1/226 1093/1/226 1108/1/226 1107/1/226
f 1100/1/227 1114/1/227 1113/1/227 1101/1/227
f 1093/1/228 1094/1/228 1109/1/228 1108/1/228
f 1099/1/229 1112/1/229 1114/1/229 1100/1/229
f 1094/1/230 1095/1/230 1110/1/230 1109/1/230
f 1095/1/231 978/1/231 1103/1/231 1110/1/231
f 1097/1/232 1098/1/232 1111/1/232 1119/1/232
f 980/1/233 896/1/233 1106/1/233 1102/1/233
f 978/1/234 980/1/234 1102/1/234 1103/1/234
f 976/1/235 1092/1/235 1107/1/235 1105/1/235
f 1113/1/232 1119/1/232 1117/1/232 1118/1/232
f 1097/1/236 1096/1/236 1116/1/236 1117/1/236 1119/1/236
f 896/1/227 1101/1/227 1118/1/227 1115/1/227
f 1453/1/237 1134/1/237 1135/1/237 1133/1/237
f 677/1/245 678/1/245 1247/1/245 1132/1/245 1131/1/245
f 1126/1/246 1138/1/246 1137/1/246 680/1/246 676/1/246 681/1/246
f 1124/1/247 1123/1/247 982/1/247 1127/1/247 1128/1/247 1064/1/247
f 682/1/65 683/1/65 675/1/65 1129/1/65 1130/1/65 1125/1/65
f 1136/1/248 1141/1/248 1140/1/248 1139/1/248
f 1146/1/255 1154/1/255 1157/1/255 1149/1/255
f 1148/1/256 1162/1/256 1159/1/256 897/1/256
f 1142/1/256 1150/1/256 1156/1/256 1148/1/256
f 1143/1/257 1151/1/257 1150/1/257 1142/1/257
f 1149/1/258 1144/1/258 1153/1/258 1157/1/258
f 1148/1/259 1147/1/259 1155/1/259 1156/1/259
f 1147/1/260 1155/1/260 1151/1/260 1143/1/260
f 1145/1/261 1152/1/261 1154/1/261 1146/1/261
f 1144/1/227 1153/1/227 1152/1/227 1145/1/227
f 1149/1/255 1160/1/255 1170/1/255 1161/1/255 1147/1/255
f 1144/1/258 1158/1/258 1160/1/258 1149/1/258
f 1147/1/259 1161/1/259 1162/1/259 1148/1/259
f 897/1/227 1159/1/227 1158/1/227 1144/1/227
f 1154/1/255 1165/1/255 1160/1/255 1157/1/255
f 1152/1/261 1163/1/261 1165/1/261 1154/1/261
f 1153/1/227 1158/1/227 1163/1/227 1152/1/227
f 1150/1/256 1167/1/256 1162/1/256 1156/1/256
f 1155/1/260 1161/1/260 1168/1/260 1151/1/260
f 1151/1/257 1168/1/257 1167/1/257 1150/1/257
f 1154/1/8 1157/1/8 1171/1/8 1164/1/8 1169/1/8 1166/1/8
f 1120/1/265 1175/1/265 1184/1/265 1183/1/265 1206/1/265
f 1178/1/266 1176/1/266 1188/1/266 1187/1/266
f 1181/1/267 1120/1/267 1206/1/267 1183/1/267 1186/1/267
f 1177/1/268 1181/1/268 1186/1/268 1185/1/268
f 1175/1/266 1177/1/266 1185/1/266 1184/1/266
f 979/1/269 1182/1/269 1190/1/269 1189/1/269 1210/1/269
f 1182/1/270 1178/1/270 1187/1/270 1190/1/270
f 1176/1/271 979/1/271 1210/1/271 1189/1/271 1188/1/271
f 1181/1/270 1177/1/270 1191/1/270 1195/1/270 1207/1/270
f 1194/1/269 1193/1/269 1199/1/269 1203/1/269 1200/1/269
f 1180/1/270 1181/1/270 1207/1/270 1195/1/270 1193/1/270 1208/1/270
f 1179/1/269 1180/1/269 1208/1/269 1193/1/269 1194/1/269 1212/1/269
f 1178/1/268 1182/1/268 1211/1/268 1196/1/268 1192/1/268
f 1182/1/268 1179/1/268 1212/1/268 1194/1/268 1196/1/268 1211/1/268
f 1177/1/266 1178/1/266 1192/1/266 1191/1/266
f 1195/1/270 1191/1/270 1197/1/270 1201/1/270
f 1193/1/270 1195/1/270 1201/1/270 1199/1/270
f 1191/1/266 1192/1/266 1198/1/266 1204/1/266 1197/1/266
f 1192/1/268 1196/1/268 1202/1/268 1198/1/268
f 1196/1/268 1194/1/268 1200/1/268 1202/1/268
f 1208/1/8 1205/1/8 1206/1/8 1207/1/8
f 1121/1/8 1120/1/8 1181/1/8 1180/1/8
f 1212/1/8 1211/1/8 1210/1/8 1209/1/8
f 1122/1/8 1179/1/8 1182/1/8 979/1/8
f 979/1/274 1176/1/274 1217/1/274 1213/1/274
f 1214/1/275 981/1/275 1216/1/275 1218/1/275
f 981/1/276 979/1/276 1213/1/276 1216/1/276
f 1176/1/277 1215/1/277 1219/1/277 1217/1/277
f 1215/1/278 1214/1/278 1218/1/278 1219/1/278
f 1237/1/287 1240/1/287 1239/1/287 1236/1/287
f 1283/1471/323 1284/1472/323 1286/1473/323 1285/1474/323
f 1285/1474/324 1286/1473/324 1290/1475/324 1289/1476/324
f 1289/1476/325 1290/1475/325 1288/1477/325 1287/1478/325
f 1287/1478/326 1288/1477/326 1284/1479/326 1283/1480/326
f 1285/1481/23 1289/1476/23 1287/1478/23 1283/1482/23
f 1294/1475/23 1293/1477/23 1291/1484/23 1292/1483/23
f 1295/1471/323 1296/1472/323 1298/1473/323 1297/1474/323
f 1297/1474/324 1298/1473/324 1301/1475/324 721/1476/324
f 721/1476/325 1301/1475/325 1300/1477/325 1299/1478/325
f 1299/1478/326 1300/1477/326 1296/1479/326 1295/1480/326
f 1313/1475/23 1312/1477/23 1310/1484/23 1311/1483/23
f 1316/1475/317 1315/1483/317 1314/1484/317 1317/1477/317
f 1331/1475/327 1330/1483/327 1329/1484/327 1332/1477/327
f 1534/1475/332 1533/1483/332 1532/1484/332 1535/1477/332
f 1539/1475/23 1538/1477/23 1536/1484/23 1537/1483/23
f 1542/1475/332 1541/1483/332 1540/1484/332 1543/1477/332
f 1557/1471/333 1558/1472/333 1560/1473/333 1559/1474/333
f 1559/1474/334 1560/1473/334 1564/1475/334 1563/1476/334
f 1563/1476/228 1564/1475/228 1562/1477/228 1561/1478/228
f 1561/1478/335 1562/1477/335 1558/1479/335 1557/1480/335
f 1569/1471/333 1570/1472/333 1572/1473/333 1571/1474/333
f 1571/1474/334 1572/1473/334 1574/1475/334 1556/1476/334
f 1556/1476/228 1574/1475/228 1573/1477/228 684/1478/228
f 684/1478/335 1573/1477/335 1570/1479/335 1569/1480/335
f 1237/1/340 1236/1/340 1604/1/340 1605/1/340
f 1612/1/23 1611/1/23 1642/1/23 1641/1/23 1640/1/23 1639/1/23 1638/1/23 1637/1/23 1636/1/23 1635/1/23 1634/1/23 1633/1/23 1632/1/23 1631/1/23 1630/1/23 1629/1/23 1628/1/23 1627/1/23 1626/1/23 1625/1/23 1624/1/23 1623/1/23 1622/1/23 1621/1/23 1620/1/23 1619/1/23 1618/1/23 1617/1/23 1616/1/23 1615/1/23 1614/1/23 1613/1/23
f 1692/1/8 1693/1/8 1694/1/8 1695/1/8 63/1/8 64/1/8
f 1084/1/391 1086/1/391 55/1/391 821/1/391 1085/1/391
f 662/804/194 999/805/194 1803/805/194 1799/804/194
f 996/806/194 997/807/194 1802/807/194 1801/806/194
f 997/807/194 661/808/194 1696/808/194 1802/807/194
f 999/805/194 996/806/194 1801/806/194 1803/805/194
f 1063/1078/190 67/1/190 991/1/190 1030/1/190 1027/1/190
usemtl Foul_Pole
f 72/6/7 74/7/7 78/1/7 75/8/7
f 75/9/8 78/10/8 77/11/8 76/12/8
f 71/13/9 72/14/9 75/15/9 76/16/9
f 73/1/10 71/1/10 76/1/10 77/1/10
f 74/17/11 73/18/11 77/19/11 78/20/11
f 80/6/12 82/7/12 86/1/12 83/8/12 87/21/12
f 83/9/8 86/10/8 85/11/8 84/12/8
f 81/1/13 79/1/13 84/1/13 85/1/13
f 82/17/14 81/18/14 85/19/14 86/20/14
f 938/1/29 937/1/29 541/1/29 540/1/29
f 945/1/30 935/1/30 542/1/30 1702/1/30
f 953/1/33 952/1/33 1703/1/33 1704/1/33
f 944/1/34 943/1/34 535/1/34 1701/1/34
f 942/1/35 943/1/35 535/1/35 536/1/35
f 917/1/36 919/1/36 1700/1/36 1699/1/36
f 937/1/38 954/1/38 1705/1/38 541/1/38
f 942/1/41 941/1/41 537/1/41 536/1/41
f 952/1/44 918/1/44 544/1/44 1703/1/44
f 941/1/47 940/1/47 538/1/47 537/1/47
f 934/1/48 944/1/48 1701/1/48 543/1/48
f 87/1/7 83/1/7 84/1/7 79/1/7 915/1/7 919/1/7 1700/1/7
f 954/1/163 953/1/163 1704/1/163 1705/1/163
f 914/1/149 916/1/149 1698/1/149 1697/1/149
f 939/1/156 938/1/156 540/1/156 539/1/156
f 918/1/151 917/1/151 552/1/151 544/1/151
f 940/1/157 939/1/157 539/1/157 538/1/157
usemtl Foul_Fence
f 68/2/6 70/3/6 69/4/6 76/5/6
f 87/2/15 83/5/15 88/4/15 89/3/15
usemtl Quartz
f 126/30/16 127/31/16 131/32/16 130/33/16
f 125/34/17 129/35/17 128/36/17 124/37/17
f 127/38/18 124/39/18 128/40/18 131/41/18
f 126/42/19 130/43/19 129/35/19 125/34/19
f 129/44/8 130/45/8 131/46/8 128/47/8
f 133/48/16 136/49/16 131/32/16 127/31/16
f 132/50/20 124/39/20 128/40/20 135/51/20
f 1721/52/21 1724/53/21 1736/54/21 1735/55/21
f 133/56/18 132/50/18 135/51/18 136/57/18
f 135/58/8 128/47/8 131/46/8 136/59/8
f 458/60/22 454/61/22 453/62/22 457/63/22
f 455/64/8 453/65/8 454/66/8 456/67/8
f 454/61/19 458/60/19 460/68/19 456/69/19
f 455/70/18 459/71/18 457/72/18 453/73/18
f 456/74/16 460/75/16 459/76/16 455/77/16
f 471/78/23 472/79/23 469/80/23
f 472/79/23 470/81/23 469/80/23
f 473/82/8 474/83/8 476/84/8
f 476/84/8 474/83/8 475/85/8
f 471/86/7 473/87/7 476/88/7 472/89/7
f 470/90/6 475/91/6 474/92/6 469/93/6
f 472/87/9 476/94/9 475/95/9 470/96/9
f 469/97/15 474/98/15 473/99/15 471/100/15
f 479/101/23 478/102/23 477/103/23
f 482/104/8 480/105/8 481/106/8
f 478/107/24 481/108/24 480/109/24 477/110/24
f 479/111/25 482/112/25 481/113/25 478/114/25
f 485/115/8 486/116/8 483/117/8
f 486/116/8 484/118/8 483/117/8
f 487/119/8 490/120/8 488/121/8
f 490/120/8 489/122/8 488/121/8
f 485/123/9 486/124/9 490/125/9 487/126/9
f 484/127/15 483/128/15 488/97/15 489/129/15
f 486/130/7 484/131/7 489/86/7 490/132/7
f 483/133/6 485/134/6 487/135/6 488/136/6
f 479/101/23 477/103/23 491/137/23
f 482/104/8 492/116/8 480/105/8
f 491/138/26 477/139/26 480/140/26 492/141/26
f 479/142/27 491/143/27 492/144/27 482/145/27
f 1713/1884/394 1714/1885/394 1718/1886/394 1717/1887/394
f 1712/1888/395 1716/1889/395 1715/1890/395 1711/1891/395
f 1714/1892/396 1711/1893/396 1715/1894/396 1718/1895/396
f 1713/1896/397 1717/1897/397 1716/1898/397 1712/1899/397
f 1716/1900/398 1717/1901/398 1718/1902/398 1715/1903/398
f 1720/1904/399 1723/1905/399 1718/1886/399 1714/1885/399
f 1719/1906/400 1711/1893/400 1715/1894/400 1722/1907/400
f 137/1908/401 1734/1909/401 1733/1910/401 134/1911/401
f 1720/1912/402 1719/1906/402 1722/1907/402 1723/1913/402
f 1722/1914/398 1715/1903/398 1718/1902/398 1723/139/398
f 1730/1915/403 1726/1916/403 1725/1917/403 1729/1918/403
f 1727/1919/398 1725/1920/398 1726/1921/398 1728/1922/398
f 1726/1923/404 1730/1924/404 1732/1925/404 1728/1926/404
f 1727/1927/402 1731/1928/402 1729/1929/402 1725/1896/402
f 1728/1930/399 1732/1931/399 1731/1932/399 1727/1933/399
f 1724/1934/396 134/1935/396 1733/1936/396 1736/1937/396
f 1721/1938/404 1735/1939/404 1734/1940/404 137/1941/404
f 1734/1942/398 1735/1943/398 1736/1944/398 1733/1945/398
f 1738/1946/399 1740/1947/399 1736/54/399 1724/53/399
f 1737/1948/400 134/1935/400 1733/1936/400 1739/1949/400
f 1738/1950/402 1737/1948/402 1739/1949/402 1740/1951/402
f 1739/1952/398 1733/1945/398 1736/1944/398 1740/1953/398
f 1746/1954/405 1742/1932/405 1741/1955/405 1745/1956/405
f 1743/1957/398 1741/1958/398 1742/1959/398 1744/1960/398
f 1742/1961/397 1746/1962/397 1748/1963/397 1744/1964/397
f 1743/1928/396 1747/1965/396 1745/1966/396 1741/1967/396
f 1744/1968/406 1748/1969/406 1747/1970/406 1743/1971/406
f 1761/1972/407 1764/1973/407 1776/1974/407 1775/1975/407
f 1753/1976/408 1754/1977/408 1758/1978/408 1757/1979/408
f 1752/1980/409 1756/1981/409 1755/1982/409 1751/1983/409
f 1754/1984/410 1751/1918/410 1755/1917/410 1758/1985/410
f 1753/1986/411 1757/1987/411 1756/1981/411 1752/1980/411
f 1756/1988/412 1757/1989/412 1758/1990/412 1755/1991/412
f 1760/1992/413 1763/1993/413 1758/1978/413 1754/1977/413
f 1759/1994/414 1751/1995/414 1755/1996/414 1762/1997/414
f 1750/1998/415 1774/1999/415 1773/2000/415 1749/2001/415
f 1760/2002/416 1759/2003/416 1762/2004/416 1763/2005/416
f 1762/2006/412 1755/1991/412 1758/1990/412 1763/2007/412
f 1770/2008/417 1766/2009/417 1765/2010/417 1769/2011/417
f 1767/2012/412 1765/2013/412 1766/2014/412 1768/2015/412
f 1766/2016/418 1770/2017/418 1772/2018/418 1768/2019/418
f 1767/2020/419 1771/2021/419 1769/2022/419 1765/2023/419
f 1768/2024/408 1772/2025/408 1771/2026/408 1767/2027/408
f 1764/2028/420 1749/2029/420 1773/2030/420 1776/2031/420
f 1761/2032/421 1775/2033/421 1774/1999/421 1750/1998/421
f 1774/2034/412 1775/2035/412 1776/2036/412 1773/2037/412
f 1778/2038/422 1780/2039/422 1776/1974/422 1764/1973/422
f 1777/2040/423 1749/2041/423 1773/2042/423 1779/2043/423
f 1778/2044/424 1777/2045/424 1779/2046/424 1780/2047/424
f 1779/2048/412 1773/2037/412 1776/2036/412 1780/2049/412
f 1786/2050/425 1782/2051/425 1781/2052/425 1785/2053/425
f 1783/2054/412 1781/2055/412 1782/2056/412 1784/2057/412
f 1782/2058/426 1786/2059/426 1788/2060/426 1784/2061/426
f 1783/2062/427 1787/2063/427 1785/2064/427 1781/2065/427
f 1784/2066/428 1788/2067/428 1787/2068/428 1783/2069/428
usemtl Green_Seating_4
f 599/732/64 503/733/64 502/734/64 598/735/64
f 621/743/67 651/744/67 650/745/67 622/746/67
f 601/751/69 597/752/69 528/753/69 527/754/69
f 675/1136/221 683/1137/221 692/1138/221 666/1139/221
f 665/1200/238 1064/1201/238 1128/1202/238 690/1203/238
f 689/1204/239 1127/1205/239 982/1206/239 664/1207/239
f 691/1237/250 682/1238/250 1125/1239/250 712/1240/250
f 711/1244/252 694/1245/252 1138/1246/252 1126/1247/252
f 693/1248/253 667/1249/253 680/1250/253 1137/1251/253
usemtl Green_Seating_3
f 616/708/58 612/709/58 608/710/58 607/711/58
f 619/717/60 660/718/60 659/719/60 617/720/60
f 599/724/62 618/725/62 658/726/62 503/727/62
f 630/755/70 601/756/70 527/757/70 645/758/70
f 629/763/72 646/764/72 647/765/72 626/766/72
f 628/771/74 638/772/74 640/773/74 627/774/74
f 673/810/83 684/811/83 687/812/83 688/813/83
f 696/854/116 814/855/116 716/856/116 715/857/116 714/858/116
f 814/855/117 695/859/117 713/860/117 716/856/117
f 697/1216/243 719/1217/243 718/1218/243 698/1219/243
usemtl Green_Seating_2
f 600/694/58 606/695/58 609/696/58 613/697/58
f 611/702/58 615/703/58 614/704/58 610/705/58
f 625/779/76 642/780/76 639/781/76 635/782/76
f 634/787/78 641/788/78 637/789/78 631/790/78
f 700/832/86 728/833/86 725/834/86 699/835/86
usemtl Green_Seating_1
f 596/677/54 591/678/54 592/679/54 603/680/54
f 604/685/56 593/686/56 594/687/56 605/688/56
f 632/796/80 644/797/80 643/798/80 633/799/80
f 560/803/82 662/804/82 999/805/82 996/806/82 997/807/82 661/808/82 602/809/82
f 702/866/125 730/867/125 729/868/125 701/869/125
f 668/880/128 1792/881/128 816/882/128 815/883/128 703/884/128 669/885/128
f 866/947/138 864/948/138 846/949/138 848/950/138 847/951/138 849/952/138 845/953/138
usemtl Grass
f 824/899/8 823/898/8 822/901/8 825/902/8
f 623/959/147 663/960/147 869/961/147 672/962/147 892/963/147 899/964/147 1071/965/147
f 899/964/8 892/963/8 893/966/8 900/967/8
f 816/1057/196 1793/1058/196 1794/1059/196
f 42/1060/197 990/1061/197 985/1062/197 1053/1063/197 43/1064/197
f 40/1065/198 39/1066/198 989/1067/198 975/1068/198 990/1061/198 42/1060/198 41/1069/198
f 37/1070/199 36/1071/199 991/1072/199 984/1073/199 989/1067/199 39/1066/199 38/1074/199
f 991/1072/201 36/1071/201 35/1075/201 34/1076/201 33/1077/201 1063/1078/201
f 31/1079/202 30/1080/202 973/1081/202
f 23/1082/203 22/1083/203 974/1084/203 973/1081/203 28/1085/203 27/1086/203 26/1087/203 25/1088/203 24/1089/203
f 1056/1090/204 974/1084/204 22/1083/204 21/1091/204 20/1092/204 19/1093/204 18/1094/204 17/1095/204 16/1096/204 15/1097/204 14/1098/204 13/1099/204 12/1100/204 11/1101/204 10/1102/204 9/1103/204 1/1104/204
f 57/1176/8 1082/1175/8 1090/1177/8 1091/1178/8 66/1179/8
f 893/966/8 897/1285/8 1174/1286/8 900/967/8
f 1060/2074/430 1059/2075/430 1796/2076/430 1057/2077/430 1061/2078/430
f 1797/2079/433 733/2080/433 1026/2081/433
f 733/2080/434 1789/2082/434 1794/1059/434
f 733/2080/435 1794/1059/435 1026/2081/435
f 1789/2082/434 704/2083/434 1794/1059/434
f 816/1057/436 1792/2084/436 1793/1058/436
f 1792/2084/436 668/2085/436 1793/1058/436
f 1796/2086/437 1059/2087/437 1798/2088/437
f 1795/2089/438 1057/2090/438 1796/2086/438
f 1026/2081/439 1795/2089/439 1553/2091/439
f 1793/1058/8 1025/2092/8 1794/1059/8
f 704/2083/440 816/1057/440 1794/1059/440
f 1796/2086/441 1798/2088/441 1795/2089/441
f 1798/2088/442 1553/2091/442 1795/2089/442
f 1553/2091/433 1797/2079/433 1026/2081/433
f 30/1080/444 29/2098/444 973/1081/444
f 29/2098/445 28/1085/445 973/1081/445
f 973/1081/8 1024/1055/8 1063/1078/8
f 31/1079/446 1063/1078/446 32/2099/446
f 1063/1078/447 33/1077/447 32/2099/447
f 973/1081/448 1063/1078/448 31/1079/448
usemtl Clay
f 508/897/8 823/898/8 824/899/8 818/900/8
f 817/903/8 825/902/8 822/901/8 553/904/8 1066/905/8
f 55/903/8 821/1174/8 1082/1175/8 57/1176/8
f 1090/1177/8 1081/1180/8 1088/1181/8 1091/1178/8
usemtl Field
f 104/22/8 103/23/8 105/24/8 106/25/8
f 110/26/8 108/27/8 109/28/8 111/29/8
f 405/146/8 452/147/8 451/148/8 450/149/8 449/150/8 448/151/8 447/152/8 446/153/8 445/154/8 444/155/8 443/156/8 442/157/8 441/158/8 440/159/8 439/160/8 438/161/8 437/162/8 436/163/8 435/164/8 434/165/8 433/166/8 432/167/8 431/168/8 430/169/8 429/170/8 428/171/8 427/172/8 426/173/8 425/174/8 424/175/8 423/176/8 422/177/8 421/178/8 420/179/8 419/180/8 418/181/8 417/182/8 416/183/8 415/184/8 414/185/8 413/186/8 412/187/8 411/188/8 410/189/8 409/190/8 408/191/8 407/192/8 406/193/8
f 423/176/8 174/194/8 309/195/8 310/196/8 311/197/8 312/198/8 313/199/8 314/200/8 315/201/8 316/202/8 317/203/8 318/204/8 319/205/8 320/206/8 321/207/8 322/208/8 323/209/8 324/210/8 325/211/8 326/212/8 327/213/8 328/214/8 329/215/8 330/216/8 331/217/8 332/218/8 333/219/8 334/220/8 335/221/8 336/222/8 337/223/8 338/224/8 339/225/8 340/226/8 341/227/8 342/228/8 343/229/8 344/230/8 345/231/8 346/232/8 347/233/8 348/234/8 349/235/8 350/236/8 351/237/8 352/238/8 353/239/8 354/240/8 355/241/8 356/242/8 223/243/8 447/152/8 448/151/8 449/150/8 450/149/8 451/148/8 452/147/8 405/146/8 406/193/8 407/192/8 408/191/8 409/190/8 410/189/8 411/188/8 412/187/8 413/186/8 414/185/8 415/184/8 416/183/8 417/182/8 418/181/8 419/180/8 420/179/8 421/178/8 422/177/8
f 447/152/8 223/243/8 222/244/8 221/245/8 220/246/8 219/247/8 218/248/8 217/249/8 216/250/8 215/251/8 214/252/8 213/253/8 212/254/8 211/255/8 210/256/8 209/257/8 208/258/8 207/259/8 206/260/8 205/261/8 204/262/8 203/263/8 202/264/8 201/265/8 200/266/8 199/267/8 198/268/8 197/269/8 196/270/8 195/271/8 194/272/8 193/273/8 192/274/8 191/275/8 190/276/8 189/277/8 188/278/8 187/279/8 186/280/8 185/281/8 184/282/8 183/283/8 182/284/8 181/285/8 180/286/8 179/287/8 178/288/8 177/289/8 176/290/8 175/291/8 174/194/8 423/176/8 424/175/8 425/174/8 426/173/8 427/172/8 428/171/8 429/170/8 430/169/8 431/168/8 432/167/8 433/166/8 434/165/8 435/164/8 436/163/8 437/162/8 438/161/8 439/160/8 440/159/8 441/158/8 442/157/8 443/156/8 444/155/8 445/154/8 446/153/8
f 121/292/8 116/293/8 115/294/8 120/295/8 111/29/8 109/28/8
f 121/292/8 109/28/8 108/27/8 107/296/8 124/297/8 132/298/8 133/299/8 127/300/8 223/243/8 356/242/8 355/241/8 354/240/8 353/239/8 352/238/8 351/237/8 350/236/8 349/235/8 348/234/8 347/233/8 346/232/8 345/231/8 495/301/8 465/302/8 122/303/8 123/304/8
f 90/305/8 91/306/8 461/307/8 499/308/8 211/255/8 212/254/8 213/253/8 214/252/8 215/251/8 216/250/8 217/249/8 218/248/8 219/247/8 220/246/8 221/245/8 222/244/8 223/243/8 127/309/8 126/310/8 125/311/8 124/297/8 107/296/8 106/25/8 105/24/8 92/312/8
f 463/313/8 94/314/8 101/315/8 93/316/8 103/23/8 104/22/8 102/317/8 138/318/8 139/319/8 140/320/8 141/321/8 142/322/8 143/323/8 144/324/8 145/325/8 146/326/8 147/327/8 148/328/8 149/329/8 150/330/8 151/331/8 152/332/8 153/333/8 154/334/8 155/335/8 156/336/8 157/337/8 158/338/8 159/339/8 160/340/8 161/341/8 162/342/8 163/343/8 164/344/8 165/345/8 166/346/8 167/347/8 168/348/8 169/349/8 170/350/8 171/351/8 172/352/8 173/353/8 224/354/8 500/355/8
f 467/356/8 496/357/8 357/358/8 308/359/8 307/360/8 306/361/8 305/362/8 304/363/8 303/364/8 302/365/8 301/366/8 300/367/8 299/368/8 298/369/8 297/370/8 296/371/8 295/372/8 294/373/8 293/374/8 292/375/8 291/376/8 290/377/8 289/378/8 288/379/8 287/380/8 286/381/8 285/382/8 284/383/8 283/384/8 282/385/8 281/386/8 280/387/8 279/388/8 278/389/8 277/390/8 276/391/8 275/392/8 274/393/8 138/318/8 102/317/8 110/26/8 111/29/8 120/295/8 112/394/8 119/395/8
f 113/396/8 114/397/8 119/395/8 112/394/8 120/295/8 115/294/8
f 117/398/8 118/399/8 116/293/8 121/292/8 123/304/8 122/303/8
f 114/397/8 117/398/8 122/303/8 465/302/8 467/356/8 119/395/8
f 97/400/8 92/312/8 105/24/8 103/23/8 93/316/8 98/401/8
f 107/296/8 108/27/8 110/26/8 102/317/8
f 102/317/8 104/22/8 106/25/8 107/296/8
f 91/306/8 90/305/8 92/312/8 97/400/8 95/402/8 96/403/8
f 99/404/8 94/314/8 463/313/8 461/307/8 91/306/8 96/403/8
f 93/316/8 101/315/8 94/314/8 99/404/8 100/405/8 98/401/8
f 95/402/8 97/400/8 98/401/8 100/405/8 99/404/8 96/403/8
f 114/397/8 113/396/8 115/294/8 116/293/8 118/399/8 117/398/8
f 463/313/8 500/355/8 499/308/8 461/307/8
f 497/406/8 493/407/8 499/308/8 500/355/8 498/408/8
f 360/409/8 496/357/8 495/301/8 501/410/8 494/411/8
f 465/302/8 495/301/8 496/357/8 467/356/8
f 358/412/8 357/358/8 496/357/8 360/409/8 359/413/8
f 225/414/8 226/415/8 227/416/8 498/408/8 500/355/8 224/354/8
f 332/218/8 501/410/8 495/301/8 345/231/8 344/230/8 343/229/8 342/228/8 341/227/8 340/226/8 339/225/8 338/224/8 337/223/8 336/222/8 335/221/8 334/220/8 333/219/8
f 198/268/8 199/267/8 200/266/8 201/265/8 202/264/8 203/263/8 204/262/8 205/261/8 206/260/8 207/259/8 208/258/8 209/257/8 210/256/8 211/255/8 499/308/8 493/407/8
f 493/407/8 497/406/8 228/417/8 229/418/8 230/419/8 231/420/8 232/421/8 233/422/8 234/423/8 235/424/8 236/425/8 237/426/8 238/427/8 239/428/8 240/429/8 241/430/8 242/431/8 243/432/8 244/433/8 245/434/8 246/435/8 247/436/8 248/437/8 249/438/8 250/439/8 251/440/8 252/441/8 253/442/8 254/443/8 255/444/8 256/445/8 257/446/8 258/447/8 259/448/8 260/449/8 261/450/8 262/451/8 263/452/8 264/453/8 265/454/8 266/455/8 267/456/8 268/457/8 269/458/8 270/459/8 271/460/8 272/461/8 273/462/8 404/463/8 403/464/8 402/465/8 401/466/8 400/467/8 399/468/8 398/469/8 397/470/8 396/471/8 395/472/8 394/473/8 393/474/8 392/475/8 391/476/8 390/477/8 389/478/8 388/479/8 387/480/8 386/481/8 385/482/8 384/483/8 383/484/8 382/485/8 381/486/8 380/487/8 379/488/8 378/489/8 377/490/8 376/491/8 375/492/8 374/493/8 373/494/8 372/495/8 371/496/8 370/497/8 369/498/8 368/499/8 367/500/8 366/501/8 365/502/8 364/503/8 363/504/8 362/505/8 361/506/8 494/411/8 501/410/8 332/218/8 331/217/8 330/216/8 329/215/8 328/214/8 327/213/8 326/212/8 325/211/8 324/210/8 323/209/8 322/208/8 321/207/8 320/206/8 319/205/8 318/204/8 317/203/8 316/202/8 315/201/8 314/200/8 313/199/8 312/198/8 311/197/8 310/196/8 309/195/8 174/194/8 175/291/8 176/290/8 177/289/8 178/288/8 179/287/8 180/286/8 181/285/8 182/284/8 183/283/8 184/282/8 185/281/8 186/280/8 187/279/8 188/278/8 189/277/8 190/276/8 191/275/8 192/274/8 193/273/8 194/272/8 195/271/8 196/270/8 197/269/8 198/268/8
f 462/567/8 577/568/8 576/569/8 575/570/8 574/571/8 573/572/8 572/573/8 571/574/8 570/575/8 569/576/8 568/577/8 567/578/8 566/579/8 565/580/8 468/581/8 494/411/8 361/506/8 362/505/8 363/504/8 364/503/8 365/502/8 366/501/8 367/500/8 368/499/8 369/498/8 370/497/8 371/496/8 372/495/8 373/494/8 374/493/8 375/492/8 376/491/8 377/490/8 378/489/8 379/488/8 380/487/8 381/486/8 382/485/8 383/484/8 384/483/8 385/482/8 386/481/8 387/480/8 388/479/8 389/478/8 390/477/8 391/476/8 392/475/8 393/474/8 394/473/8 395/472/8 396/471/8 397/470/8 398/469/8 399/468/8 400/467/8 401/466/8 402/465/8 403/464/8 404/463/8 273/462/8 272/461/8 271/460/8 270/459/8 269/458/8 268/457/8 267/456/8 266/455/8 265/454/8 264/453/8 263/452/8 262/451/8 261/450/8 260/449/8 259/448/8 258/447/8 257/446/8 256/445/8 255/444/8 254/443/8 253/442/8 252/441/8 251/440/8 250/439/8 249/438/8 248/437/8 247/436/8 246/435/8 245/434/8 244/433/8 243/432/8 242/431/8 241/430/8 240/429/8 239/428/8 238/427/8 237/426/8 236/425/8 235/424/8 234/423/8 233/422/8 232/421/8 231/420/8 230/419/8 229/418/8 228/417/8 497/406/8
f 509/582/8 510/583/8 511/584/8 512/585/8 513/586/8 514/587/8 515/588/8 516/589/8 517/590/8 518/591/8 519/592/8 520/593/8 521/594/8 71/595/8 468/581/8 565/580/8 566/579/8 567/578/8 568/577/8 569/576/8 570/575/8 571/574/8 572/573/8 573/572/8 574/571/8 575/570/8 576/569/8 577/568/8 462/567/8 80/596/8
f 275/392/8 276/391/8 277/390/8 278/389/8 279/388/8 280/387/8 281/386/8 282/385/8 283/384/8 284/383/8 285/382/8 286/381/8 287/380/8 288/379/8 289/378/8 290/377/8 291/376/8 292/375/8 293/374/8 294/373/8 295/372/8 296/371/8 297/370/8 298/369/8 299/368/8 300/367/8 301/366/8 302/365/8 303/364/8 304/363/8 305/362/8 306/361/8 307/360/8 308/359/8 357/358/8 358/412/8 359/413/8 360/409/8 466/597/8 564/598/8 563/599/8 590/600/8 589/601/8 588/602/8 587/603/8 586/604/8 585/605/8 559/606/8 138/318/8 274/393/8
f 138/318/8 559/606/8 584/607/8 583/608/8 582/609/8 581/610/8 580/611/8 579/612/8 578/613/8 464/614/8 498/408/8 227/416/8 226/415/8 225/414/8 224/354/8 173/353/8 172/352/8 171/351/8 170/350/8 169/349/8 168/348/8 167/347/8 166/346/8 165/345/8 164/344/8 163/343/8 162/342/8 161/341/8 160/340/8 159/339/8 158/338/8 157/337/8 156/336/8 155/335/8 154/334/8 153/333/8 152/332/8 151/331/8 150/330/8 149/329/8 148/328/8 147/327/8 146/326/8 145/325/8 144/324/8 143/323/8 142/322/8 141/321/8 140/320/8 139/319/8
f 498/408/8 464/614/8 462/567/8 497/406/8
f 466/597/8 360/409/8 494/411/8 468/581/8
f 73/615/8 466/597/8 468/581/8 71/595/8
f 80/596/8 462/567/8 464/614/8 82/616/8
f 508/617/8 82/616/8 464/614/8 578/613/8 579/612/8 580/611/8 581/610/8 582/609/8 583/608/8 584/607/8 559/606/8 595/618/8 653/619/8 651/620/8 502/621/8 503/622/8 658/623/8 659/624/8 660/625/8 504/626/8 505/627/8 766/628/8 765/629/8 506/630/8 507/631/8 594/632/8 593/633/8 592/634/8 591/635/8 555/636/8 553/637/8 822/638/8 823/639/8
f 564/598/8 466/597/8 73/615/8 522/640/8 1082/641/8 821/642/8 988/643/8 1013/644/8 662/645/8 560/646/8 643/647/8 644/648/8 523/649/8 524/650/8 44/651/8 791/652/8 525/653/8 526/654/8 647/655/8 646/656/8 645/657/8 527/658/8 528/659/8 650/660/8 652/661/8 595/618/8 559/606/8 585/605/8 586/604/8 587/603/8 588/602/8 589/601/8 590/600/8 563/599/8
usemtl Outfield_Wall
f 822/886/50 553/887/50 556/888/50 1707/889/50 508/890/50 823/891/50
f 82/968/149 508/969/149 1707/970/149 916/971/149 914/972/149
f 510/973/151 509/974/151 917/975/151 918/976/151
f 509/974/36 80/977/36 919/972/36 917/975/36
f 520/978/153 519/979/153 942/980/153 943/981/153
f 71/888/48 521/982/48 944/983/48 934/887/48
f 521/982/34 520/978/34 943/981/34 944/983/34
f 515/984/29 514/985/29 937/986/29 938/987/29
f 516/988/156 515/972/156 938/989/156 939/990/156
f 517/991/157 516/988/157 939/990/157 940/992/157
f 518/993/47 517/991/47 940/992/47 941/994/47
f 522/995/30 73/996/30 935/997/30 945/998/30 1706/999/30
f 519/979/41 518/993/41 941/994/41 942/980/41
f 512/1000/33 511/1001/33 952/1002/33 953/1003/33
f 513/1004/163 512/1000/163 953/1003/163 954/1005/163
f 514/985/38 513/1004/38 954/1005/38 937/986/38
f 511/1001/44 510/973/44 918/976/44 952/1002/44
usemtl Dark_Green_Paint
f 502/511/31 651/512/31 653/513/31 595/514/31 652/515/31 650/516/31 528/517/31 550/518/31 529/519/31
f 503/531/40 502/511/40 529/519/40 530/532/40
f 504/537/43 660/538/43 659/539/43 658/540/43 503/531/43 530/532/43 531/541/43
f 527/542/45 645/543/45 646/544/45 647/545/45 526/546/45 548/547/45 549/548/45
f 528/553/49 649/554/49 648/555/49 527/542/49 549/548/49 550/556/49
f 553/557/50 555/558/50 557/559/50 556/560/50
f 555/561/51 591/562/51 592/563/51 593/564/51 594/565/51 507/547/51 534/546/51 558/566/51
f 560/662/52 562/663/52 561/664/52 545/665/52 523/666/52 644/667/52 643/668/52
f 638/1/89 736/1/89 738/1/89 740/1/89 737/1/89 739/1/89 735/1/89 637/1/89 806/1/89 805/1/89
f 806/1/90 637/1/90 735/1/90 755/1/90 545/1/90 523/1/90
f 534/1/93 749/1/93 743/1/93 606/1/93 742/1/93 507/1/93
f 504/1/97 741/1/97 608/1/97 744/1/97 750/1/97 531/1/97
f 638/1/91 805/1/91 526/1/91 548/1/91 756/1/91 736/1/91
f 819/1/129 1710/1/129 818/1/129 824/1/129 825/1/129 817/1/129 1709/1/129 1070/1/129 820/1/129
f 1706/1170/52 1085/1171/52 821/1172/52 522/1173/52
f 821/1172/52 1085/1171/52 561/664/52 562/663/52 560/662/52 662/1881/52 1013/1882/52 988/1883/52
f 554/1/392 556/888/392 553/1/392 1066/1/392
f 554/1/393 1709/1/393 817/1/393 1066/1/393
f 818/1/15 1710/1/15 1707/889/15 508/890/15
f 608/1/94 741/1/94 742/1/94 606/1/94 743/1/94 745/1/94 746/1/94 747/1/94 748/1/94 744/1/94
usemtl Mesh
f 765/507/28 766/508/28 768/509/28 767/510/28
f 507/520/32 506/507/32 533/521/32 534/522/32
f 524/523/37 523/524/37 551/525/37 546/526/37
f 791/527/39 44/528/39 812/529/39 813/530/39
f 526/533/42 525/534/42 547/535/42 548/536/42
f 505/549/46 504/550/46 531/551/46 532/552/46
f 1708/892/50 1698/893/50 916/894/50 1707/895/50 556/896/50
f 1706/1165/52 945/1166/52 1702/1167/52 1084/1168/52 1085/1169/52
f 554/1/392 1709/1/392 1070/1/392 820/1/392 1708/1/392 556/1/392
f 1707/1/15 1710/1/15 819/1/15 1698/1/15 916/1/15
usemtl Fence
f 835/844/98 832/845/98 875/1/98 876/1/98
f 854/915/143 838/913/143 878/1/143 883/1/143
f 836/913/143 855/912/143 884/1/143 877/1/143
f 885/1/143 858/937/143 841/936/143 880/1/143
f 887/1/143 862/941/143 844/940/143 882/1/143
f 886/1/98 859/942/98 839/936/98 879/1/98
f 888/1/98 863/946/98 842/943/98 881/1/98
usemtl Concrete
f 44/1/1 524/1/1 46/1/1 45/1/1
f 47/1/2 48/1/2 50/1/2 49/1/2
f 45/1/3 46/1/3 48/1/3 47/1/3
f 49/1/4 50/1/4 52/1/4 51/1/4
f 51/1/5 52/1/5 54/1/5 53/1/5
f 523/1/91 806/1/91 810/1/91 807/1/91
f 742/1/94 741/1/94 763/1/94 764/1/94
f 506/1/95 770/1/95 772/1/95 774/1/95 776/1/95 778/1/95 762/1/95 507/1/95
f 504/1/96 761/1/96 790/1/96 788/1/96 786/1/96 784/1/96 782/1/96 505/1/96
f 741/1/97 504/1/97 761/1/97 763/1/97
f 507/1/93 742/1/93 764/1/93 762/1/93
f 686/1/98 832/1/98 835/844/98 833/1/98
f 805/1/89 806/1/89 810/1/89 809/1/89
f 526/1/91 805/1/91 809/1/91 808/1/91
f 506/1/99 765/1/99 771/1/99 770/1/99
f 772/1/100 773/1/100 775/1/100 774/1/100
f 770/1/101 771/1/101 773/1/101 772/1/101
f 774/1/102 775/1/102 777/1/102 776/1/102
f 776/1/103 777/1/103 779/1/103 778/1/103
f 780/1/99 505/1/99 782/1/99 781/1/99
f 783/1/100 784/1/100 786/1/100 785/1/100
f 781/1/101 782/1/101 784/1/101 783/1/101
f 785/1/102 786/1/102 788/1/102 787/1/102
f 787/1/103 788/1/103 790/1/103 789/1/103
f 525/1/1 791/1/1 793/1/1 792/1/1
f 794/1/104 795/1/104 797/1/104 796/1/104
f 792/1/3 793/1/3 795/1/3 794/1/3
f 796/1/4 797/1/4 799/1/4 798/1/4
f 798/1/105 799/1/105 801/1/105 800/1/105
f 771/1/106 802/1/106 779/1/106 777/1/106 775/1/106 773/1/106
f 783/1/107 785/1/107 787/1/107 789/1/107 803/1/107 781/1/107
f 803/1/99 802/1/99 771/1/99 765/1/99 780/1/99 766/1/99 781/1/99
f 778/1/8 779/1/8 802/1/8 803/1/8 789/1/8 790/1/8 761/1/8 763/1/8 764/1/8 762/1/8
f 793/1/108 804/1/108 801/1/108 799/1/108 797/1/108 795/1/108
f 524/1/109 523/1/109 807/1/109 54/1/109 52/1/109 50/1/109 48/1/109 46/1/109
f 47/1/110 49/1/110 51/1/110 53/1/110 811/1/110 45/1/110
f 525/1/111 792/1/111 794/1/111 796/1/111 798/1/111 800/1/111 808/1/111 526/1/111
f 45/1/112 811/1/112 804/1/112 793/1/112 791/1/112 44/1/112
f 53/1/8 54/1/8 807/1/8 810/1/8 809/1/8 808/1/8 800/1/8 801/1/8 804/1/8 811/1/8
f 713/1/118 707/1/118 708/1/118 716/1/118
f 708/1/119 709/1/119 715/1/119 716/1/119
f 714/1/120 715/1/120 709/1/120 710/1/120
f 714/1/121 710/1/121 721/1/121
f 815/1/120 816/1/120 1791/1/120 705/1/120 706/1/120
f 1058/875/127 1061/876/127 1057/877/127 974/878/127 1056/879/127
f 679/1/8 706/1/8 705/1/8 1790/1/8 704/1/8 1789/1/8 733/1/8 731/1/8
f 865/1/8 663/1/8 623/1/8 671/1/8
f 832/845/8 830/906/8 852/907/8 853/908/8 834/909/8 835/844/8
f 857/1/130 854/1/130 853/1/130
f 829/910/131 856/911/131 855/912/131 836/913/131
f 837/914/132 838/913/132 854/915/132 857/916/132
f 686/1/130 830/1/130 832/1/130
f 830/1/130 829/1/130 836/1/130
f 829/1/130 831/1/130 839/1/130
f 831/1/130 685/1/130 842/1/130
f 843/1/135 840/1/135 844/1/135
f 840/1/135 837/1/135 841/1/135
f 837/1/135 834/1/135 838/1/135
f 834/1/135 833/1/135 835/1/135
f 840/935/136 841/936/136 858/937/136 860/909/136
f 850/938/8 843/939/8 844/940/8 862/941/8
f 831/935/137 861/916/137 859/942/137 839/936/137
f 842/943/8 685/944/8 851/945/8 863/946/8
f 861/1/135 863/1/135 851/1/135
f 856/1/135 859/1/135 861/1/135
f 856/1/135 852/1/135 855/1/135
f 860/1/130 858/1/130 857/1/130
f 860/1/130 850/1/130 862/1/130
f 663/1/8 865/1/8 870/1/8 871/1/8
f 868/1/8 873/1/8 872/1/8 869/1/8
f 834/909/98 853/908/98 854/1/98 838/913/98
f 857/1/144 858/1/144 841/936/144 837/1/144
f 860/1/145 862/1/145 844/940/145 840/1/145
f 916/1/148 901/1/148 902/1/148 903/1/148 904/1/148 905/1/148 906/1/148 907/1/148 908/1/148 909/1/148 910/1/148 911/1/148 912/1/148 918/1/148 917/1/148 919/1/148 915/1/148 913/1/148 914/1/148
f 912/1/152 948/1/152 949/1/152 717/1/152 921/1/152 937/1/152 954/1/152 953/1/152 952/1/152 918/1/152
f 937/1/154 921/1/154 922/1/154 923/1/154 924/1/154 925/1/154 926/1/154 927/1/154 928/1/154 929/1/154 930/1/154 931/1/154 932/1/154 946/1/154 945/1/154 935/1/154 936/1/154 933/1/154 934/1/154 944/1/154 943/1/154 942/1/154 941/1/154 940/1/154 939/1/154 938/1/154
f 706/1/186 679/1/186 731/1/186 815/1/186
f 1000/1/187 987/1/187 1016/1/187 1017/1/187
f 986/1006/188 987/1007/188 1000/1008/188 1015/1009/188 1023/1010/188
f 1015/1009/8 1000/1008/8 1001/1011/8 991/1012/8 67/1013/8
f 1016/1014/8 997/1015/8 1003/1016/8 1002/1017/8 1017/1018/8
f 1000/1008/189 1017/1018/189 1002/1017/189 1001/1011/189
f 1002/1/52 994/1/52 1001/1/52
f 1005/1019/8 989/1020/8 1018/1021/8 994/1022/8 1004/1023/8
f 1002/1017/191 1003/1016/191 1004/1023/191 994/1022/191
f 1004/1023/192 1019/1024/192 1006/1025/192 1005/1019/192
f 992/1/52 1019/1/52 1004/1/52 1003/1/52 997/1/52
f 1006/1025/8 1019/1024/8 992/1026/8 996/1027/8 1008/1028/8
f 990/1029/8 1020/1030/8 1007/1031/8 995/1032/8 1009/1033/8
f 1006/1025/191 1008/1028/191 995/1032/191 1007/1031/191
f 1009/1033/192 995/1032/192 1021/1034/192 1010/1035/192
f 1021/1034/8 993/1036/8 999/1037/8 1012/1038/8 1010/1035/8
f 996/1/52 993/1/52 1021/1/52 995/1/52 1008/1/52
f 1012/1038/191 1011/1039/191 998/1040/191 1010/1035/191
f 998/1040/8 1011/1039/8 1013/1041/8 988/1042/8 1053/1043/8 1022/1044/8
f 999/1/52 1014/1/52 1011/1/52 1012/1/52
f 1014/1045/8 662/1046/8 1013/1041/8 1011/1039/8
f 993/1/194 996/1/194 999/1/194
f 1014/1/194 999/1/194 662/1/194
f 1026/1047/8 1794/1048/8 1025/1049/8 1024/1050/8 973/1051/8
f 668/1052/8 669/1053/8 986/1006/8 1024/1050/8 1025/1049/8 1793/1054/8
f 1023/1/150 1024/1/150 986/1/150
f 67/1/150 1063/1/150 1024/1055/150 1023/1/150 1015/1009/150
f 974/878/8 1057/877/8 1795/1056/8 1026/1047/8 973/1051/8
f 991/1/52 1001/1/52 994/1/52 1018/1/52
f 1005/1/52 1007/1/52 1020/1/52 989/1/52
f 1007/1/52 1005/1/52 1006/1/52
f 1009/1/52 998/1/52 1022/1/52 990/1/52
f 998/1/52 1009/1/52 1010/1/52
f 596/1113/8 603/1114/8 604/1115/8 605/1116/8 600/1117/8 613/1118/8 614/1119/8 615/1120/8 616/1121/8 607/1122/8 619/1123/8 617/1124/8 618/1125/8 599/1126/8 664/1127/8 688/1128/8 687/1129/8 686/1130/8 833/1131/8 846/1132/8 864/1133/8 865/1134/8 671/1135/8
f 602/1140/8 661/1141/8 987/1007/8 986/1006/8 669/1053/8 703/1142/8 702/1143/8 701/1144/8 700/1145/8 699/1146/8 695/1147/8 814/1148/8 696/1149/8 697/1150/8 698/1151/8 667/1152/8 601/1153/8 630/1154/8 629/1155/8 626/1156/8 628/1157/8 627/1158/8 625/1159/8 635/1160/8 634/1161/8 631/1162/8 632/1163/8 633/1164/8
f 713/1/241 723/1/241 707/1/241
f 707/1/8 723/1/8 721/1/8 710/1/8 709/1/8 708/1/8
f 667/1152/8 693/1220/8 694/1221/8 711/1222/8 597/1223/8 601/1153/8
f 597/1223/8 711/1222/8 666/1224/8 622/1225/8
f 622/1225/8 666/1224/8 692/1226/8 691/1227/8 712/1228/8 621/1229/8
f 621/1229/8 712/1228/8 665/1230/8 598/1231/8
f 599/1126/8 598/1231/8 665/1230/8 690/1232/8 689/1233/8 664/1127/8
f 843/939/8 850/938/8 851/945/8 685/944/8 1099/1270/8 1100/1271/8 1145/1272/8 1146/1273/8 1149/1274/8 1147/1275/8 1143/1276/8 1142/1277/8 892/1278/8 672/1279/8 867/1280/8 866/1281/8 845/1282/8
f 673/1287/8 982/1288/8 1135/1289/8 1134/1290/8 1095/1291/8 1094/1292/8 1093/1293/8 1092/1294/8 976/1295/8 1096/1296/8 1097/1297/8 1098/1298/8 1099/1270/8 685/944/8 684/1299/8
f 1126/1300/263 677/1301/263 1139/1302/263 675/1303/263
f 1134/1290/8 1064/1304/8 1125/1305/8 1136/1306/8
f 977/1307/264 978/1308/264 1095/1291/264 1134/1290/264 1136/1306/264 1139/1302/264 677/1301/264 1176/1309/264 1178/1310/264 1177/1311/264 1175/1312/264 1120/1313/264
f 1131/1367/286 1224/1368/286 1223/1369/286 1222/1370/286 1221/1371/286 1220/1372/286 1214/1373/286 1215/1374/286 1176/1309/286 677/1301/286
f 733/1/8 1797/1/8 1553/1/8 1552/1/8 731/1/8
f 730/1/8 731/1/8 1552/1/8 3/1/8
f 1059/1/8 1060/1/8 1555/1/8 3/1/8 1552/1/8 1553/1/8 1798/1/8
f 1058/1/8 1554/1/8 1555/1/8 1060/1/8 1062/1/8
f 680/1718/346 718/1719/346 719/1720/346 721/1721/346 1599/1722/346 1236/1723/346 1235/1724/346 1225/1725/346 1224/1368/346 1131/1367/346
f 723/1726/347 725/1727/347 2/1728/347 1554/1729/347 1058/875/347 1056/879/347 1603/1730/347 1602/1731/347 1601/1732/347 1600/1733/347 1599/1722/347 721/1721/347
f 1062/1/431 1060/1/431 1061/876/431
f 1058/1/432 1062/1/432 1061/876/432
f 704/2093/443 1790/2094/443 705/2095/443 1791/2096/443 816/2097/443
f 852/907/98 830/906/98 836/1/98 855/912/98
f 829/1/144 839/1/144 859/942/144 856/1/144
f 831/1/145 842/1/145 863/946/145 861/1/145
usemtl Stairs
f 555/669/53 591/670/53 596/671/53 671/672/53 1078/673/53 1080/674/53 1077/675/53 1079/676/53
f 603/681/55 592/682/55 593/683/55 604/684/55
f 507/689/57 606/690/57 600/691/57 605/692/57 594/693/57
f 613/698/58 609/699/58 610/700/58 614/701/58
f 612/706/58 616/707/58 615/701/58 611/700/58
f 660/712/59 619/713/59 607/714/59 608/715/59 504/716/59
f 617/721/61 659/722/61 658/723/61 618/689/61
f 651/713/66 621/740/66 598/741/66 502/742/66
f 597/747/68 622/748/68 650/749/68 528/750/68
f 630/759/71 645/760/71 646/761/71 629/762/71
f 626/767/73 647/768/73 526/713/73 638/769/73 628/770/73
f 627/775/75 640/776/75 642/777/75 625/778/75
f 635/783/77 639/784/77 641/785/77 634/786/77
f 644/791/79 632/792/79 631/793/79 637/794/79 523/795/79
f 602/759/81 633/800/81 643/801/81 560/802/81
f 684/814/84 685/815/84 831/816/84 829/817/84 830/818/84 686/819/84 687/713/84
f 688/820/85 664/821/85 674/822/85 982/823/85 673/713/85
f 701/836/88 729/837/88 728/838/88 700/839/88
f 712/840/92 1125/841/92 1064/842/92 665/843/92
f 682/846/113 691/847/113 692/848/113 683/849/113
f 711/850/114 1126/851/114 675/852/114 666/853/114
f 697/861/122 696/862/122 714/863/122 721/864/122 719/865/122
f 703/870/126 815/871/126 731/872/126 730/873/126 702/874/126
f 850/917/133 860/918/133 857/919/133 853/920/133 852/921/133 856/922/133 861/923/133 851/924/133
f 834/925/134 837/926/134 840/927/134 843/928/134 845/929/134 849/930/134 847/931/134 848/932/134 846/933/134 833/934/134
f 864/954/139 866/955/139 867/956/139 868/957/139 865/958/139
f 699/1208/240 725/1209/240 723/1210/240 713/1211/240 695/1212/240
f 698/713/242 718/1213/242 680/1214/242 667/1215/242
f 690/713/249 1128/1234/249 1127/1235/249 689/1236/249
f 694/1241/251 693/713/251 1137/1242/251 1138/1243/251
usemtl Roof
f 1129/824/8 1140/825/8 1141/826/8 1130/827/8
f 1453/828/8 1133/829/8 1123/830/8 1124/831/8
f 1103/1182/8 1102/1183/8 1106/1184/8 1104/1185/8 1105/1186/8 1107/1187/8 1108/1188/8 1109/1189/8 1110/1190/8
f 1112/1191/8 1111/1192/8 1119/1193/8 1113/1194/8 1114/1195/8
f 1115/1196/8 1118/1197/8 1117/1198/8 1116/1199/8
f 676/1252/254 1248/1253/254 1132/1254/254 1247/1255/254 678/827/254 681/829/254
f 1159/1264/8 1162/1265/8 1161/1266/8 1170/1267/8 1160/1268/8 1158/1269/8
f 1184/1314/8 1185/1315/8 1186/1316/8 1183/1317/8
f 1187/1318/8 1188/1319/8 1189/1320/8 1190/1321/8
f 1216/1330/8 1213/1331/8 1217/1332/8 1219/1333/8 1218/1334/8
f 1234/1339/280 1228/1340/280 1227/1341/280 1229/1342/280 1230/1343/280 1231/1344/280 1232/1345/280 1233/1346/280 1238/1347/280
f 1241/1386/8 1242/1387/8 1246/1388/8 1245/1389/8 1243/1390/8 1244/1391/8
f 1595/1674/336 1597/1675/336 1598/1676/336 1596/1677/336
f 1610/1692/339 1605/1693/339 1604/1694/339 1608/1695/339 1606/1696/339 1607/1697/339 1609/1698/339
usemtl White_Roof
f 1157/1256/8 1154/1257/8 1152/1258/8 1153/1259/8
f 1151/1260/8 1155/1261/8 1156/1262/8 1150/1263/8
usemtl Metal_Roof
f 1204/1322/272 1198/1323/272 1202/1324/272 1200/1325/272 1203/1326/272
f 1201/1327/273 1197/1328/273 1204/1322/273 1203/1326/273 1199/1329/273
f 1259/1408/294 1257/1409/294 1281/1410/294 1282/1411/294
f 1261/1412/295 1278/1413/295 1276/1414/295 1262/1415/295
f 1257/1416/296 1251/1417/296 1279/1418/296 1281/1419/296
f 1264/1420/297 1272/1421/297 1269/1422/297 1266/1423/297
f 1255/1424/298 1271/1425/298 1273/1426/298 1254/1427/298
f 1265/1428/299 1266/1423/299 1269/1422/299 1270/1429/299
f 1267/1430/300 1270/1431/300 1269/1432/300 1268/1433/300
f 1258/1434/301 1265/1435/301 1270/1436/301 1267/1410/301
f 1271/1437/303 1268/1433/303 1269/1432/303 1272/1438/303
f 1256/1439/304 1268/1440/304 1271/1425/304 1255/1424/304
f 1258/1441/305 1267/1442/305 1268/1440/305 1256/1439/305
f 1271/1443/307 1272/1444/307 1274/1445/307 1273/1446/307
f 1263/1447/309 1274/1448/309 1272/1421/309 1264/1420/309
f 1275/1449/310 1273/1446/310 1274/1445/310 1276/1450/310
f 1254/1427/311 1273/1426/311 1275/1451/311 1253/1452/311
f 1262/1453/313 1276/1454/313 1274/1448/313 1263/1447/313
f 1275/1449/314 1276/1450/314 1278/1455/314 1277/1456/314
f 1253/1457/315 1275/1458/315 1277/1459/315 1252/1460/315
f 1279/1461/317 1277/1462/317 1278/1463/317 1280/1464/317
f 1260/1465/319 1280/1466/319 1278/1413/319 1261/1412/319
f 1281/1467/320 1279/1461/320 1280/1464/320 1282/1468/320
f 1260/1465/321 1259/1469/321 1282/1470/321 1280/1466/321
f 1252/1460/322 1277/1459/322 1279/1418/322 1251/1417/322
usemtl White_Canvas
f 1667/1865/387 1691/1866/387 1809/1867/387
f 1691/1869/388 1808/1870/388 1663/1871/388
f 1659/1872/389 1691/1869/389 1807/1873/389
f 1691/1869/390 1806/1875/390 1655/1874/390
f 1691/1866/449 1810/2100/449 1671/2101/449
f 1691/1866/450 1811/2102/450 1643/2103/450
f 1691/1869/451 1804/2104/451 1647/2106/451
f 1691/1869/452 1805/2107/452 1651/1876/452
usemtl Red_Canvas
f 1809/1867/387 1691/1866/387 1663/1868/387
f 1808/1870/388 1691/1869/388 1659/1872/388
f 1807/1873/389 1691/1869/389 1655/1874/389
f 1806/1875/390 1691/1869/390 1651/1876/390
f 1810/2100/449 1691/1866/449 1667/1865/449
f 1811/2102/450 1691/1866/450 1671/2101/450
f 1804/2104/451 1691/1869/451 1643/2105/451
f 1805/2107/452 1691/1869/452 1647/2106/452
usemtl Chain_Link_Fence
f 973/1105/205 8/1106/205 4/1107/205 1024/1108/205
f 1056/1109/206 6/1110/206 7/1111/206 974/1112/206
f 974/1112/207 7/1111/207 8/1106/207 973/1105/207
f 900/1283/262 893/1108/262 1172/1107/262 1173/1284/262
f 899/2070/429 900/1284/429 895/1283/429 898/2071/429
f 1071/2072/15 899/2070/15 898/2071/15 894/2073/15
usemtl Carousel
f 1651/1836/379 1806/1837/379 1655/1838/379 1686/1839/379 1685/1840/379
f 1671/1841/380 1811/1842/380 1643/1843/380 1683/1844/380 1690/1845/380
f 1647/1846/381 1805/1847/381 1651/1848/381 1685/1849/381 1684/1850/381
f 1667/1851/382 1810/1852/382 1671/1841/382 1690/1845/382 1689/1853/382
f 1643/1854/383 1804/1855/383 1647/1846/383 1684/1850/383 1683/1844/383
f 1663/1856/384 1809/1857/384 1667/1858/384 1689/1853/384 1688/1859/384
f 1659/1860/385 1808/1861/385 1663/1856/385 1688/1859/385 1687/1862/385
f 1655/1838/386 1807/1863/386 1659/1864/386 1687/1862/386 1686/1839/386
usemtl Carousel_Pillar
f 1815/1877/386 1823/1878/386 1824/1879/386 1816/1880/386
f 1819/1880/380 1827/1879/380 1820/1878/380 1812/1877/380
f 1812/1880/383 1820/1879/383 1821/1878/383 1813/1877/383
f 1813/1880/381 1821/1879/381 1822/1878/381 1814/1877/381
f 1814/1877/379 1822/1878/379 1823/1879/379 1815/1880/379
f 1816/1880/385 1824/1879/385 1825/1878/385 1817/1877/385
f 1817/1880/384 1825/1879/384 1826/1878/384 1818/1877/384
f 1818/1877/382 1826/1878/382 1827/1879/382 1819/1880/382
usemtl Marble
f 1673/1734/8 1665/1735/8 1661/1736/8 1657/1737/8 1653/1738/8 1649/1739/8 1645/1740/8 1674/1741/8 1672/1742/8 1670/1743/8 1668/1744/8 1666/1745/8 1664/1746/8 1662/1747/8 1660/1748/8 1658/1749/8 1656/1750/8 1654/1751/8 1652/1752/8 1650/1753/8 1648/1754/8 1646/1755/8 1644/1756/8 1675/1757/8 1676/1758/8 1677/1759/8 1678/1760/8 1679/1761/8 1680/1762/8 1681/1763/8 1682/1764/8 1669/1765/8
f 1635/1766/348 1636/1767/348 1676/1768/348 1675/1769/348
f 1622/1770/349 1623/1771/349 1666/1772/349 1668/1773/349
f 1636/1767/350 1637/1774/350 1677/1775/350 1676/1768/350
f 1623/1771/351 1624/1776/351 1664/1777/351 1666/1772/351
f 1637/1778/352 1638/1779/352 1678/1780/352 1677/1781/352
f 1624/1776/353 1625/1782/353 1662/1783/353 1664/1777/353
f 1611/1784/225 1612/1785/225 1673/1786/225 1669/1787/225
f 1638/1779/354 1639/1788/354 1679/1789/354 1678/1780/354
f 1625/1782/355 1626/1790/355 1660/1791/355 1662/1783/355
f 1612/1785/356 1613/1792/356 1665/1793/356 1673/1786/356
f 1639/1788/357 1640/1794/357 1680/1795/357 1679/1789/357
f 1626/1790/358 1627/1796/358 1658/1797/358 1660/1791/358
f 1613/1792/359 1614/1798/359 1661/1799/359 1665/1793/359
f 1640/1794/360 1641/1800/360 1681/1801/360 1680/1795/360
f 1627/1796/361 1628/1802/361 1656/1803/361 1658/1797/361
f 1614/1804/362 1615/1805/362 1657/1806/362 1661/1807/362
f 1641/1800/363 1642/1808/363 1682/1809/363 1681/1801/363
f 1628/1802/364 1629/1810/364 1654/1811/364 1656/1803/364
f 1615/1805/365 1616/1812/365 1653/1813/365 1657/1806/365
f 1642/1808/366 1611/1784/366 1669/1787/366 1682/1809/366
f 1629/1810/367 1630/1775/367 1652/1814/367 1654/1811/367
f 1616/1812/368 1617/1815/368 1649/1816/368 1653/1813/368
f 1630/1817/369 1631/1818/369 1650/1819/369 1652/1820/369
f 1617/1815/370 1618/1821/370 1645/1822/370 1649/1816/370
f 1631/1818/371 1632/1823/371 1648/1824/371 1650/1819/371
f 1618/1821/372 1619/1825/372 1674/1826/372 1645/1822/372
f 1632/1823/373 1633/1827/373 1646/1828/373 1648/1824/373
f 1619/1825/374 1620/1829/374 1672/1830/374 1674/1826/374
f 1633/1827/375 1634/1831/375 1644/1832/375 1646/1828/375
f 1620/1829/376 1621/1833/376 1670/1834/376 1672/1830/376
f 1634/1831/377 1635/1766/377 1675/1769/377 1644/1832/377
f 1621/1833/378 1622/1814/378 1668/1835/378 1670/1834/378
usemtl Mixed_Brick
f 1064/1/87 1134/1/87 1453/1/87 1124/1/87
f 681/1/115 678/1/115 677/1/115 1126/1/115
f 1135/1/123 982/1/123 1123/1/123 1133/1/123
f 1130/1/124 1141/1/124 1136/1/124 1125/1/124
f 680/1/244 1131/1/244 1132/1/244 1248/1/244 676/1/244
f 675/1/63 1139/1/63 1140/1/63 1129/1/63
f 1233/1335/279 1225/1336/279 1235/1337/279 1238/1338/279
f 1224/1348/281 1225/1349/281 1233/1335/281 1232/1350/281
f 983/1351/275 1220/1352/275 1227/1353/275 1228/1354/275
f 1222/1355/282 1223/1356/282 1231/1357/282 1230/1358/282
f 1220/1352/283 1221/1359/283 1229/1360/283 1227/1353/283
f 1226/1361/206 983/1351/206 1228/1354/206 1234/1362/206
f 1223/1363/284 1224/1364/284 1232/1365/284 1231/1357/284
f 1221/1366/285 1222/1355/285 1230/1358/285 1229/1360/285
f 1237/1375/206 1226/1361/206 1234/1362/206 1240/1376/206
f 1236/1377/288 1239/1378/288 1238/1338/288 1235/1379/288
f 1240/1376/289 1234/1362/289 1596/1380/289 1598/1381/289
f 728/1382/290 729/1383/290 1244/1384/290 1243/1385/290
f 730/1392/291 3/1393/291 1242/1394/291 1241/1395/291
f 3/1396/292 1555/1397/292 1554/1398/292 2/1399/292 1246/1400/292 1242/1401/292
f 725/1402/290 728/1382/290 1243/1385/290 1245/1403/290
f 729/1383/290 730/1404/290 1241/1405/290 1244/1384/290
f 2/1406/293 725/1392/293 1245/1395/293 1246/1407/293
f 1238/1678/337 1239/1679/337 1597/1680/337 1595/1681/337
f 1234/1682/338 1238/1683/338 1595/1684/338 1596/1380/338
f 1239/1685/287 1240/1686/287 1598/1687/287 1597/1688/287
f 1603/1689/289 1237/1690/289 1605/1376/289 1610/1691/289
f 1599/1699/341 1600/1700/341 1606/1701/341 1608/1702/341
f 1600/1703/342 1601/1704/342 1607/1705/342 1606/1701/342
f 1602/1706/343 1603/1707/343 1610/1708/343 1609/1709/343
f 1601/1710/344 1602/1711/344 1609/1712/344 1607/1713/344
f 1236/1714/345 1599/1715/345 1608/1716/345 1604/1717/345
usemtl Brick
f 1140/728/63 656/729/63 1345/730/63 620/731/63
f 620/736/65 1345/737/65 1382/738/65 1381/739/65
f 1302/1485/244 1303/1486/244 1305/728/244 1304/1487/244
f 1304/1488/246 1305/1489/246 1309/1490/246 1308/1491/246
f 1308/1492/115 1309/1493/115 1307/1494/115 1306/1495/115
f 1306/1496/245 1307/1497/245 1303/1498/245 1302/1499/245
f 1318/1504/244 1319/1505/244 1320/1506/244 676/1507/244
f 676/1508/246 1320/1509/246 1324/1510/246 1323/1511/246
f 1323/1512/115 1324/1513/115 1322/1514/115 1321/1515/115
f 1321/1507/245 1322/1506/245 1319/1497/245 1318/1496/245
f 1341/1520/244 1342/1521/244 1344/1509/244 1343/1508/244
f 1343/1522/246 1344/1523/246 1348/1524/246 1347/1525/246
f 1347/1526/115 1348/1527/115 1346/1528/115 678/1529/115
f 678/1530/245 1346/1531/245 1342/1532/245 1341/1533/245
f 1357/1537/244 1358/1538/244 1360/1539/244 1359/1540/244
f 1359/1541/246 1360/1542/246 1363/1543/246 681/1544/246
f 681/1545/115 1363/1546/115 1362/1547/115 1361/1548/115
f 1361/1549/245 1362/1510/245 1358/1550/245 1357/1551/245
f 1381/1554/124 1382/1555/124 1380/1556/124 657/1557/124
f 657/1558/248 1380/1559/248 656/1560/248 1140/1561/248
f 1391/1566/63 1392/1567/63 1393/1568/63 1129/1569/63
f 1129/1570/65 1393/1571/65 1397/1572/65 1396/1520/65
f 1396/1573/124 1397/1557/124 1395/1558/124 1394/1574/124
f 1394/1575/248 1395/1576/248 1392/1571/248 1391/1577/248
f 1414/1580/63 1416/1581/63 1417/1582/63 1415/1583/63
f 1415/739/65 1417/738/65 1420/1584/65 1419/1585/65
f 1419/1586/124 1420/1587/124 1418/1588/124 1141/1589/124
f 1141/1590/248 1418/1560/248 1416/1591/248 1414/1592/248
f 1429/731/63 1430/730/63 1432/1538/63 1431/1597/63
f 1431/1574/65 1432/1558/65 1436/1590/65 1435/1598/65
f 1435/1599/124 1436/1600/124 1434/1601/124 1433/1602/124
f 1433/1603/248 1434/1604/248 1430/729/248 1429/728/248
f 1453/1607/87 1455/1498/87 1457/1608/87 1454/1609/87
f 1454/1610/247 1457/1611/247 1460/1612/247 1459/1613/247
f 1459/1614/123 1460/1487/123 1458/1615/123 1456/1616/123
f 1456/1617/237 1458/1618/237 1455/1619/237 1453/1620/237
f 1469/1623/87 1470/1624/87 1471/1625/87 1124/1626/87
f 1124/1627/247 1471/1628/247 1475/1629/247 1474/1630/247
f 1474/1631/123 1475/1632/123 1473/1633/123 1472/1634/123
f 1472/1635/237 1473/1636/237 1470/1637/237 1469/1638/237
f 1492/1640/87 1494/1641/87 1496/1642/87 1493/1643/87
f 1493/1644/247 1496/1645/247 1499/1646/247 1498/1647/247
f 1498/1648/123 1499/1649/123 1497/1650/123 1495/1651/123
f 1495/1652/237 1497/1504/237 1494/1653/237 1492/1654/237
f 1508/1659/87 1509/1633/87 1511/1660/87 1510/1661/87
f 1510/1662/247 1511/1663/247 1515/1664/247 1514/1665/247
f 1514/1666/123 1515/1667/123 1513/1668/123 1512/1669/123
f 1512/1670/237 1513/1496/237 1509/1671/237 1508/1672/237
usemtl White_Paint
f 747/1/8 746/1/8 745/1/8 743/1/8 749/1/8 751/1/8 752/1/8 753/1/8 754/1/8 750/1/8 744/1/8 748/1/8
f 737/1/8 740/1/8 738/1/8 736/1/8 756/1/8 758/1/8 760/1/8 757/1/8 759/1/8 755/1/8 735/1/8 739/1/8
f 1266/1/302 1269/1/302 1268/1/302 1256/1/302
f 1255/1/306 1264/1/306 1272/1/306 1271/1/306
f 1254/1/308 1263/1/308 1274/1/308 1273/1/308
f 1253/1/312 1262/1/312 1276/1/312 1275/1/312
f 1252/1/316 1261/1/316 1278/1/316 1277/1/316
f 1251/1/318 1260/1/318 1280/1/318 1279/1/318
f 1290/1475/8 1286/1483/8 1284/1484/8 1288/1477/8
f 1301/1475/8 1298/1483/8 1296/1484/8 1300/1477/8
f 1309/1500/8 1305/1501/8 1303/1502/8 1307/1503/8
f 1311/1483/244 1310/1484/244 1314/1484/244 1315/1483/244
f 1310/1484/245 1312/1477/245 1317/1477/245 1314/1484/245
f 1313/1475/246 1311/1483/246 1315/1483/246 1316/1475/246
f 1312/1477/115 1313/1475/115 1316/1475/115 1317/1477/115
f 1324/1516/8 1320/1517/8 1319/1518/8 1322/1519/8
f 1326/1483/244 1325/1484/244 1329/1484/244 1330/1483/244
f 1325/1484/245 1327/1477/245 1332/1477/245 1329/1484/245
f 1328/1475/246 1326/1483/246 1330/1483/246 1331/1475/246
f 1327/1477/115 1328/1475/115 1331/1475/115 1332/1477/115
f 1333/1483/244 1335/1483/244 1339/1483/244 1337/1483/244
f 1334/1475/23 1333/1483/23 1337/1483/23 1338/1475/23
f 1336/1475/115 1334/1475/115 1338/1475/115 1340/1475/115
f 1335/1483/8 1336/1475/8 1340/1475/8 1339/1483/8
f 1348/1501/8 1344/1534/8 1342/1535/8 1346/1536/8
f 1350/1483/244 1349/1484/244 1353/1484/244 1354/1483/244
f 1349/1484/245 1351/1477/245 1356/1477/245 1353/1484/245
f 1352/1475/246 1350/1483/246 1354/1483/246 1355/1475/246
f 1351/1477/115 1352/1475/115 1355/1475/115 1356/1477/115
f 1363/1536/8 1360/1535/8 1358/1552/8 1362/1553/8
f 1365/1483/244 1364/1484/244 1368/1484/244 1369/1483/244
f 1364/1484/245 1366/1477/245 1371/1477/245 1368/1484/245
f 1367/1475/246 1365/1483/246 1369/1483/246 1370/1475/246
f 1366/1477/115 1367/1475/115 1370/1475/115 1371/1477/115
f 1372/1483/244 1374/1483/244 1378/1483/244 1376/1483/244
f 1373/1475/23 1372/1483/23 1376/1483/23 1377/1475/23
f 1375/1475/115 1373/1475/115 1377/1475/115 1379/1475/115
f 1374/1483/8 1375/1475/8 1379/1475/8 1378/1483/8
f 1382/1562/8 1345/1563/8 656/1564/8 1380/1565/8
f 1384/1483/328 1383/1484/328 1387/1484/328 1388/1483/328
f 1383/1484/248 1385/1477/248 1390/1477/248 1387/1484/248
f 1386/1475/65 1384/1483/65 1388/1483/65 1389/1475/65
f 1385/1477/124 1386/1475/124 1389/1475/124 1390/1477/124
f 1397/1578/8 1393/1579/8 1392/1534/8 1395/1501/8
f 1399/1483/328 1398/1484/328 1402/1484/328 1403/1483/328
f 1398/1484/248 1400/1477/248 1405/1477/248 1402/1484/248
f 1401/1475/65 1399/1483/65 1403/1483/65 1404/1475/65
f 1400/1477/124 1401/1475/124 1404/1475/124 1405/1477/124
f 1406/1483/328 1408/1483/328 1412/1483/328 1410/1483/328
f 1407/1475/23 1406/1483/23 1410/1483/23 1411/1475/23
f 1409/1475/329 1407/1475/329 1411/1475/329 1413/1475/329
f 1408/1483/8 1409/1475/8 1413/1475/8 1412/1483/8
f 1420/1593/8 1417/1594/8 1416/1595/8 1418/1596/8
f 1422/1483/328 1421/1484/328 1425/1484/328 1426/1483/328
f 1421/1484/248 1423/1477/248 1428/1477/248 1425/1484/248
f 1424/1475/65 1422/1483/65 1426/1483/65 1427/1475/65
f 1423/1477/124 1424/1475/124 1427/1475/124 1428/1477/124
f 1436/1518/8 1432/1605/8 1430/1606/8 1434/1595/8
f 1438/1483/328 1437/1484/328 1441/1484/328 1442/1483/328
f 1437/1484/248 1439/1477/248 1444/1477/248 1441/1484/248
f 1440/1475/65 1438/1483/65 1442/1483/65 1443/1475/65
f 1439/1477/124 1440/1475/124 1443/1475/124 1444/1477/124
f 1445/1483/328 1447/1483/328 1451/1483/328 1449/1483/328
f 1446/1475/23 1445/1483/23 1449/1483/23 1450/1475/23
f 1448/1475/329 1446/1475/329 1450/1475/329 1452/1475/329
f 1447/1483/8 1448/1475/8 1452/1475/8 1451/1483/8
f 1460/1621/8 1457/1578/8 1455/1622/8 1458/1605/8
f 1462/1483/87 1461/1484/87 1465/1484/87 1466/1483/87
f 1461/1484/237 1463/1477/237 1468/1477/237 1465/1484/237
f 1464/1475/247 1462/1483/247 1466/1483/247 1467/1475/247
f 1463/1477/123 1464/1475/123 1467/1475/123 1468/1477/123
f 1475/1596/8 1471/1595/8 1470/1639/8 1473/1512/8
f 1477/1483/87 1476/1484/87 1480/1484/87 1481/1483/87
f 1476/1484/237 1478/1477/237 1483/1477/237 1480/1484/237
f 1479/1475/247 1477/1483/247 1481/1483/247 1482/1475/247
f 1478/1477/123 1479/1475/123 1482/1475/123 1483/1477/123
f 1484/1483/330 1486/1483/330 1490/1483/330 1488/1483/330
f 1485/1475/23 1484/1483/23 1488/1483/23 1489/1475/23
f 1487/1475/331 1485/1475/331 1489/1475/331 1491/1475/331
f 1486/1483/8 1487/1475/8 1491/1475/8 1490/1483/8
f 1499/1655/8 1496/1656/8 1494/1657/8 1497/1658/8
f 1501/1483/87 1500/1484/87 1504/1484/87 1505/1483/87
f 1500/1484/237 1502/1477/237 1507/1477/237 1504/1484/237
f 1503/1475/247 1501/1483/247 1505/1483/247 1506/1475/247
f 1502/1477/123 1503/1475/123 1506/1475/123 1507/1477/123
f 1515/1502/8 1511/1553/8 1509/1673/8 1513/1656/8
f 1517/1483/87 1516/1484/87 1520/1484/87 1521/1483/87
f 1516/1484/237 1518/1477/237 1523/1477/237 1520/1484/237
f 1519/1475/247 1517/1483/247 1521/1483/247 1522/1475/247
f 1518/1477/123 1519/1475/123 1522/1475/123 1523/1477/123
f 1524/1483/330 1526/1483/330 1530/1483/330 1528/1483/330
f 1525/1475/23 1524/1483/23 1528/1483/23 1529/1475/23
f 1527/1475/331 1525/1475/331 1529/1475/331 1531/1475/331
f 1526/1483/8 1527/1475/8 1531/1475/8 1530/1483/8
f 1293/1477/325 1294/1475/325 1534/1475/325 1535/1477/325
f 1292/1483/323 1291/1484/323 1532/1484/323 1533/1483/323
f 1291/1484/326 1293/1477/326 1535/1477/326 1532/1484/326
f 1294/1475/324 1292/1483/324 1533/1483/324 1534/1475/324
f 1537/1483/323 1536/1484/323 1540/1484/323 1541/1483/323
f 1536/1484/326 1538/1477/326 1543/1477/326 1540/1484/326
f 1539/1475/324 1537/1483/324 1541/1483/324 1542/1475/324
f 1538/1477/325 1539/1475/325 1542/1475/325 1543/1477/325
f 1544/1/326 1546/1/326 1550/1/326 1548/1/326
f 1545/1/23 1544/1/23 1548/1/23 1549/1/23
f 1547/1/324 1545/1/324 1549/1/324 1551/1/324
f 1546/1/8 1547/1/8 1551/1/8 1550/1/8
f 1564/1475/8 1560/1483/8 1558/1484/8 1562/1477/8
f 1574/1475/8 1572/1483/8 1570/1484/8 1573/1477/8
f 1567/1477/228 1568/1475/228 1577/1475/228 1578/1477/228
f 1566/1483/333 1565/1484/333 1575/1484/333 1576/1483/333
f 1565/1484/335 1567/1477/335 1578/1477/335 1575/1484/335
f 1568/1475/334 1566/1483/334 1576/1483/334 1577/1475/334
f 1580/1483/333 1579/1484/333 1583/1484/333 1584/1483/333
f 1579/1484/335 1581/1477/335 1586/1477/335 1583/1484/335
f 1582/1475/334 1580/1483/334 1584/1483/334 1585/1475/334
f 1581/1477/228 1582/1475/228 1585/1475/228 1586/1477/228
f 1587/1/335 1589/1/335 1593/1/335 1591/1/335
f 1588/1/23 1587/1/23 1591/1/23 1592/1/23
f 1590/1/334 1588/1/334 1592/1/334 1594/1/334
f 1589/1/8 1590/1/8 1594/1/8 1593/1/8
l 545 551
l 653 654
l 654 655
l 652 655
l 766 802
l 856 857
l 861 860
l 828 1078
l 896 1096
l 1097 1101
l 1121 1205
l 1235 1226
